-24.472761,0.998234,-0.059391,-0.000893,0.000261
-24.331507,0.998159,-0.060649,-0.000677,0.000285
-24.256342,0.998119,-0.061293,-0.001194,0.000164
-24.431366,0.998197,-0.060019,-0.000894,0.00018
-24.741014,0.998422,-0.056138,0.001486,0.00037
-24.436728,0.998565,-0.053398,0.004146,0.000519
-23.85721,0.998645,-0.051375,0.008253,0.000731
-23.511879,0.998611,-0.05149,0.011189,0.000885
-23.286718,0.998606,-0.051269,0.012542,0.00086
-22.989281,0.998694,-0.048745,0.015302,0.000961
-22.760185,0.998798,-0.045591,0.017951,0.001034
-22.622625,0.998932,-0.040597,0.02202,0.001171
-22.427725,0.998991,-0.037774,0.024265,0.001211
-22.312437,0.999016,-0.035631,0.026395,0.00123
-22.256746,0.998996,-0.035125,0.027789,0.001255
-22.234507,0.998962,-0.034035,0.030249,0.001257
-21.694674,0.998959,-0.032121,0.032358,0.001253
-21.341459,0.999008,-0.027582,0.034932,0.001181
-21.106777,0.99907,-0.023102,0.036384,0.001138
-21.022909,0.999087,-0.021249,0.037046,0.001093
-21.083145,0.999048,-0.020458,0.038521,0.001115
-21.135063,0.998998,-0.020595,0.039723,0.001149
-21.142479,0.998957,-0.01991,0.041072,0.001077
-21.112764,0.998964,-0.018499,0.041561,0.001021
-20.939106,0.999023,-0.015723,0.041293,0.000912
-20.679523,0.999083,-0.013882,0.040491,0.000931
-20.611328,0.999101,-0.013331,0.040238,0.000927
-20.527441,0.999093,-0.013548,0.040369,0.000963
-20.510199,0.999085,-0.013797,0.040462,0.000866
-20.292946,0.999096,-0.013851,0.040174,0.000883
-20.236616,0.999121,-0.013265,0.039751,0.000862
-20.415808,0.999183,-0.011986,0.038595,0.00092
-20.473511,0.999225,-0.011178,0.03773,0.000892
-20.310875,0.999262,-0.011073,0.036771,0.000888
-20.19165,0.999282,-0.01256,0.035744,0.000952
-20.013273,0.999297,-0.013759,0.034866,0.000861
-19.898561,0.999339,-0.015436,0.032896,0.000878
-19.783375,0.999382,-0.015974,0.031301,0.000871
-19.63006,0.99945,-0.016439,0.028795,0.000984
-19.568453,0.999486,-0.016832,0.027253,0.000978
-19.513033,0.999519,-0.018466,0.024902,0.001001
-19.502531,0.999517,-0.020535,0.023284,0.001013
-19.75515,0.999491,-0.024033,0.020953,0.000908
-19.765888,0.999474,-0.026864,0.018134,0.000889
-19.683823,0.999477,-0.027894,0.016322,0.000971
-19.630915,0.999478,-0.029206,0.013777,0.000937
-19.623613,0.999456,-0.030532,0.01241,0.000908
-19.621778,0.99939,-0.03318,0.010865,0.000878
-19.446882,0.999334,-0.03516,0.009745,0.00072
-19.330975,0.999241,-0.038154,0.007775,0.000667
-19.189638,0.999192,-0.039669,0.006416,0.000619
-19.098619,0.999147,-0.041007,0.004858,0.000673
-18.753319,0.99912,-0.041749,0.003954,0.000633
-18.218683,0.99905,-0.043475,0.003062,0.000595
-18.448046,0.998934,-0.046088,0.002561,0.000574
-18.621161,0.998848,-0.04794,0.002307,0.000457
-18.603903,0.998734,-0.050281,0.00165,0.00042
-18.465115,0.998709,-0.050784,0.001006,0.000383
-18.348595,0.998723,-0.050528,-0.000138,0.000444
-18.292509,0.99873,-0.050372,-0.000794,0.000427
-18.261017,0.998698,-0.051008,-0.001047,0.000387
-18.026436,0.998615,-0.052612,-0.000803,0.000286
-17.962986,0.998556,-0.053717,-0.000354,0.000313
-17.675089,0.998552,-0.053785,0.000851,0.000368
-17.59741,0.998603,-0.052821,0.001347,0.000384
-17.417295,0.998706,-0.050849,0.001071,0.000468
-17.339535,0.998758,-0.049811,0.000599,0.000438
-17.3957,0.998787,-0.049226,0.000666,0.000441
-17.441278,0.99879,-0.049162,0.001582,0.000383
-17.083782,0.998797,-0.048886,0.003903,0.000473
-16.836441,0.998869,-0.047185,0.005794,0.000549
-16.923206,0.998938,-0.045687,0.005961,0.000642
-17.136007,0.999048,-0.04332,0.00517,0.000588
-16.993214,0.999096,-0.042226,0.00483,0.000558
-16.702274,0.999161,-0.04048,0.006117,0.000509
-16.622473,0.9992,-0.039198,0.007882,0.000569
-17.091835,0.999245,-0.037392,0.01049,0.000642
-17.232021,0.999272,-0.036426,0.011339,0.00074
-16.969193,0.999323,-0.034975,0.011365,0.000738
-16.893927,0.999362,-0.033935,0.011104,0.000724
-16.825911,0.999403,-0.032488,0.011701,0.000733
-16.79809,0.9994,-0.031865,0.013578,0.000715
-16.326078,0.999372,-0.031951,0.015284,0.000768
-16.009823,0.999316,-0.032666,0.017318,0.000855
-15.97414,0.999285,-0.03339,0.017727,0.000977
-16.007055,0.99925,-0.034517,0.01755,0.000988
-16.039474,0.999233,-0.034949,0.017634,0.000993
-16.084675,0.999183,-0.035791,0.018752,0.00097
-16.20413,0.999113,-0.036658,0.020693,0.001078
-16.387037,0.998971,-0.038498,0.023965,0.001229
-16.242594,0.99883,-0.040749,0.025981,0.001447
-15.993821,0.99873,-0.042535,0.026957,0.001538
-15.804436,0.998559,-0.0454,0.028579,0.001699
-15.731011,0.998416,-0.047677,0.029828,0.001802
-15.686905,0.998173,-0.05131,0.031858,0.001909
-15.447848,0.997977,-0.054016,0.033473,0.002079
-15.291185,0.997667,-0.057887,0.036107,0.00234
-15.683513,0.997467,-0.06036,0.037544,0.002508
-15.957288,0.997202,-0.063809,0.038842,0.002798
-15.720685,0.9969,-0.06805,0.039385,0.002987
-15.572031,0.996669,-0.071022,0.039953,0.003132
-15.655188,0.996338,-0.074766,0.041357,0.00331
-15.724118,0.996113,-0.077102,0.042453,0.00348
-15.624855,0.995857,-0.079881,0.043306,0.00366
-15.562289,0.995741,-0.081376,0.043157,0.003779
-15.292676,0.995556,-0.08404,0.042331,0.003822
-14.996291,0.995409,-0.085912,0.042016,0.00385
-15.052409,0.995194,-0.088491,0.041759,0.003876
-15.398158,0.995056,-0.090171,0.041447,0.003911
-15.50137,0.995045,-0.09053,0.040936,0.003873
-15.179564,0.995124,-0.090111,0.039929,0.00377
-15.087239,0.995171,-0.089899,0.039228,0.003752
-14.757325,0.995212,-0.089931,0.038108,0.003637
-14.665421,0.995263,-0.089752,0.037195,0.003554
-14.379611,0.995403,-0.088787,0.035767,0.003331
-14.248259,0.995554,-0.087455,0.034842,0.003197
-13.855434,0.995807,-0.085131,0.033352,0.002999
-13.624002,0.99604,-0.083006,0.031729,0.00282
-13.681226,0.996198,-0.081564,0.030508,0.002651
-13.842238,0.996463,-0.078983,0.028599,0.00241
-13.770429,0.996685,-0.076477,0.027655,0.002246
-13.61037,0.997027,-0.072345,0.026428,0.002008
-13.676763,0.997274,-0.069255,0.025409,0.001846
-13.831378,0.997598,-0.065198,0.02335,0.001605
-13.880022,0.997769,-0.063052,0.021903,0.001485
-13.393906,0.998015,-0.059835,0.019599,0.001261
-13.252664,0.998271,-0.055953,0.017989,0.001074
-13.252018,0.998421,-0.053463,0.017195,0.000972
-13.259322,0.998641,-0.049752,0.015495,0.000817
-13.368508,0.998759,-0.047774,0.014075,0.000709
-13.448261,0.998944,-0.044433,0.011693,0.000537
-13.29183,0.999088,-0.041435,0.010278,0.000423
-13.188346,0.999341,-0.035329,0.008273,0.000262
-13.105133,0.99949,-0.031084,0.007364,0.00019
-12.999631,0.999633,-0.026302,0.006409,0.000124
-12.685568,0.999682,-0.0246,0.005542,0.000077
-12.205669,0.999646,-0.026329,0.003921,0.000049
-12.198604,0.999545,-0.030052,0.002677,0.000039
-12.324431,0.999338,-0.036379,0.000147,-0.000053
-12.323617,0.999186,-0.040234,-0.002832,-0.000206
-12.271529,0.999109,-0.041973,-0.004321,-0.000278
-12.054656,0.998877,-0.047126,-0.00485,-0.000303
-11.815617,0.998531,-0.053973,-0.00486,-0.00033
-11.660968,0.997672,-0.067895,-0.006415,-0.000468
-11.60586,0.996901,-0.078179,-0.008675,-0.000714
-11.578169,0.99584,-0.090312,-0.012061,-0.001135
-11.843899,0.995397,-0.094896,-0.013304,-0.001341
-12.032143,0.995057,-0.098395,-0.013366,-0.001404
-11.741176,0.994911,-0.099921,-0.01285,-0.001362
-11.215471,0.99448,-0.104162,-0.012561,-0.001361
-10.89123,0.993591,-0.112146,-0.014085,-0.001592
-10.77313,0.992783,-0.118862,-0.015832,-0.001877
-10.752985,0.991723,-0.127052,-0.018362,-0.002358
-10.766532,0.991447,-0.129127,-0.0188,-0.002469
-10.873447,0.991623,-0.127918,-0.017759,-0.00233
-11.032918,0.992154,-0.123997,-0.015845,-0.001991
-10.750134,0.9923,-0.122908,-0.015207,-0.00187
-10.246654,0.992137,-0.124178,-0.015487,-0.001887
-10.106809,0.991851,-0.126352,-0.01623,-0.002012
-10.06404,0.991815,-0.126519,-0.017078,-0.002135
-10.059624,0.992247,-0.123108,-0.016898,-0.002041
-10.285849,0.993446,-0.113242,-0.01546,-0.001716
-10.357096,0.994221,-0.106441,-0.013883,-0.001445
-10.157418,0.994979,-0.099425,-0.01142,-0.00109
-10.043197,0.995295,-0.096359,-0.010132,-0.000918
-9.991271,0.995758,-0.091485,-0.009789,-0.000825
-9.984847,0.996435,-0.083688,-0.010655,-0.000809
-9.917557,0.997038,-0.076193,-0.010434,-0.000709
-9.810911,0.997883,-0.064533,-0.00805,-0.000422
-9.387693,0.998267,-0.058562,-0.005843,-0.00026
-8.730367,0.998673,-0.05143,-0.002854,-0.000048
-8.679729,0.998867,-0.047546,-0.00183,0.000012
-8.785157,0.999136,-0.041506,-0.001971,0.000055
-8.824624,0.999356,-0.035806,-0.002425,0.000052
-8.24588,0.999662,-0.025983,-0.001336,0.000093
-8.25274,0.999838,-0.017893,0.001781,0.000153
-8.468277,0.999895,-0.013893,0.004234,0.00018
-8.625398,0.999923,-0.010852,0.006047,0.00018
-8.74973,0.999937,-0.009529,0.005937,0.000222
-8.839252,0.999969,-0.006111,0.004903,0.00019
-8.503083,0.999985,-0.002094,0.005079,0.000174
-8.276988,0.999965,0.004973,0.006667,0.000098
-8.03277,0.99992,0.009696,0.008072,0.000064
-7.700901,0.999844,0.014102,0.010633,-0.000011
-7.670295,0.99982,0.014695,0.012007,-0.000002
-7.688954,0.99983,0.014171,0.011762,-0.000002
-7.425745,0.999862,0.012927,0.010475,0.000028
-7.080799,0.999884,0.011806,0.00963,0.000051
-6.919133,0.999888,0.011038,0.010089,0.000028
-6.94082,0.99988,0.010391,0.011524,0.000022
-6.912686,0.999864,0.008614,0.014067,0.00002
-6.858355,0.999859,0.007541,0.015032,0.000048
-6.831845,0.999867,0.006908,0.014752,0.000051
-7.22937,0.999873,0.007498,0.014041,0.000044
-7.507298,0.999882,0.008381,0.012867,0.000052
-6.968568,0.999885,0.008101,0.012828,0.000024
-6.813701,0.999886,0.006623,0.013544,0.000037
-6.750591,0.999887,0.002417,0.014843,0.000083
-6.745092,0.99989,-0.000463,0.014802,0.000148
-6.968547,0.999918,-0.004355,0.012038,0.000168
-7.087625,0.999937,-0.006661,0.009001,0.000163
-6.908049,0.999936,-0.010243,0.004786,0.000121
-6.60483,0.999908,-0.013346,0.002344,0.000107
-6.515382,0.999816,-0.019153,-0.000977,0.000045
-6.631131,0.999682,-0.024766,-0.004803,-0.000046
-6.667235,0.999565,-0.028349,-0.00816,-0.000156
-6.831605,0.999356,-0.033202,-0.013607,-0.000393
-6.880239,0.999184,-0.036399,-0.017478,-0.000573
-7.343724,0.9989,-0.04131,-0.022151,-0.000865
-7.476848,0.998688,-0.044941,-0.024515,-0.001048
-7.373867,0.998399,-0.049816,-0.026749,-0.001292
-7.341363,0.998227,-0.052429,-0.028153,-0.001423
-6.96201,0.99795,-0.056334,-0.030326,-0.001663
-6.769046,0.99776,-0.058673,-0.032084,-0.001845
-5.884761,0.997507,-0.0611,-0.035242,-0.002099
-5.329206,0.997313,-0.062549,-0.038052,-0.00233
-5.372887,0.997176,-0.064105,-0.039054,-0.00247
-5.60283,0.996975,-0.06747,-0.038489,-0.002575
-5.443796,0.996877,-0.069462,-0.037477,-0.00258
-5.123198,0.996813,-0.071067,-0.03615,-0.002555
-5.038071,0.996844,-0.070848,-0.035717,-0.002529
-6.026769,0.996921,-0.070025,-0.035193,-0.002487
-6.318094,0.996964,-0.069858,-0.034303,-0.002427
-6.280929,0.996974,-0.070745,-0.03213,-0.002323
-6.26244,0.996995,-0.07159,-0.029519,-0.00222
-6.547945,0.997074,-0.07123,-0.027656,-0.002099
-6.739017,0.997339,-0.068586,-0.024667,-0.001846
-6.127305,0.997557,-0.066149,-0.02241,-0.001652
-5.705616,0.997825,-0.06323,-0.018598,-0.001314
-5.206423,0.997947,-0.062112,-0.015556,-0.001096
-4.872706,0.998043,-0.061594,-0.010747,-0.000793
-5.213741,0.998091,-0.061253,-0.007895,-0.000667
-5.864454,0.998228,-0.059379,-0.003842,-0.000418
-5.698143,0.998426,-0.056078,0.000177,-0.000174
-5.551901,0.998568,-0.053378,0.003702,0.000003
-5.7764,0.998692,-0.050278,0.009338,0.000325
-6.153166,0.998707,-0.049131,0.013012,0.000478
-6.520078,0.998708,-0.047832,0.017161,0.000651
-6.792063,0.998766,-0.045507,0.019878,0.000673
-6.864998,0.998836,-0.042922,0.022006,0.000726
-6.486125,0.998909,-0.038295,0.026724,0.000808
-6.370986,0.998887,-0.03618,0.030261,0.000928
-6.38125,0.998805,-0.034125,0.034967,0.001036
-6.382108,0.998769,-0.033349,0.036714,0.001076
-6.327373,0.998766,-0.032179,0.037818,0.00101
-6.309224,0.998773,-0.03076,0.038792,0.000994
-6.202944,0.998738,-0.027811,0.041815,0.000953
-6.132514,0.998655,-0.024578,0.045649,0.000905
-5.940816,0.998611,-0.023187,0.047312,0.000942
-5.81088,0.998588,-0.022556,0.04809,0.000934
-5.788271,0.998601,-0.023087,0.047571,0.000953
-5.788785,0.998625,-0.024124,0.046543,0.000922
-6.013988,0.998641,-0.024242,0.046119,0.000918
-6.381126,0.99863,-0.023554,0.046717,0.000893
-6.14417,0.9986,-0.022759,0.047739,0.000926
-5.714102,0.998575,-0.022686,0.048286,0.000927
-5.634035,0.998595,-0.024108,0.047181,0.00097
-5.817493,0.998625,-0.026177,0.045401,0.001039
-5.946827,0.998624,-0.029896,0.043077,0.001078
-5.934567,0.998601,-0.031453,0.042482,0.001126
-5.927527,0.998603,-0.031811,0.042166,0.001084
-5.827044,0.998625,-0.031398,0.041958,0.00111
-5.760373,0.998644,-0.032903,0.040326,0.001116
-5.623212,0.998608,-0.035959,0.03856,0.001183
-5.532732,0.998513,-0.041274,0.035608,0.001157
-5.61154,0.998503,-0.043728,0.032854,0.001072
-5.662633,0.998553,-0.043457,0.031675,0.000999
-5.46129,0.998579,-0.043429,0.030884,0.000958
-5.348658,0.998527,-0.045085,0.030174,0.001077
-5.159202,0.998375,-0.049763,0.027747,0.00111
-4.995607,0.998295,-0.052578,0.025344,0.001041
-4.665201,0.998301,-0.053645,0.022717,0.000798
-4.357954,0.998346,-0.053255,0.021655,0.000725
-4.159244,0.998349,-0.053591,0.020683,0.000685
-4.624949,0.998229,-0.056241,0.019373,0.000765
-4.766868,0.998123,-0.058638,0.017667,0.000715
-4.371706,0.99804,-0.060979,0.014033,0.000528
-4.260623,0.998059,-0.061144,0.011802,0.000399
-4.141014,0.998137,-0.06015,0.010192,0.000163
-4.099569,0.998181,-0.05944,0.010079,0.00015
-4.124283,0.998173,-0.059648,0.009622,0.000114
-4.14685,0.998136,-0.060446,0.008371,0.000167
-4.182129,0.998075,-0.061787,0.005424,-0.000017
-4.204913,0.998067,-0.062082,0.002734,-0.000188
-4.08205,0.9981,-0.061583,0.001978,-0.000356
-3.876525,0.998186,-0.060163,0.002306,-0.000375
-3.746034,0.998226,-0.059461,0.00291,-0.000327
-3.592945,0.998252,-0.059027,0.002856,-0.00035
-3.553444,0.998258,-0.058964,0.001957,-0.000256
-3.893434,0.998282,-0.058595,-0.000321,-0.000394
-3.995534,0.998314,-0.058034,-0.00136,-0.000452
-3.814483,0.998401,-0.056514,-0.001143,-0.00057
-3.762897,0.998478,-0.055153,-0.000052,-0.000514
-3.298052,0.998577,-0.053321,0.001085,-0.00046
-2.995981,0.998606,-0.052771,0.000614,-0.00036
-2.899991,0.998605,-0.052809,-0.000195,-0.0004
-2.844187,0.998647,-0.052,-0.00079,-0.000439
-2.766184,0.998727,-0.050434,-0.000566,-0.000432
-2.721682,0.998873,-0.047448,0.000817,-0.000501
-2.693208,0.998948,-0.045813,0.001964,-0.000454
-2.661178,0.99899,-0.044854,0.002807,-0.000422
-2.643589,0.998978,-0.045119,0.002504,-0.000297
-2.62565,0.998977,-0.045166,0.002094,-0.000322
-2.624531,0.999005,-0.044541,0.002275,-0.000304
-2.706693,0.999088,-0.042548,0.0037,-0.00025
-2.54769,0.999141,-0.041089,0.005301,-0.000322
-2.316801,0.999146,-0.040859,0.006128,-0.000292
-2.164383,0.999116,-0.041494,0.006675,-0.000257
-2.264343,0.999099,-0.041919,0.006695,-0.00012
-2.339161,0.999101,-0.041804,0.007042,-0.000114
-1.800798,0.999125,-0.04108,0.007798,-0.000081
-1.439364,0.999158,-0.03992,0.009441,-0.000163
-1.524773,0.99917,-0.039395,0.010315,-0.00013
-1.767318,0.999165,-0.039498,0.010446,-0.000122
-1.437824,0.999142,-0.04021,0.009942,-0.000006
-1.245913,0.99913,-0.040442,0.01014,-0.000004
-1.231748,0.999125,-0.040241,0.011403,0.000045
-1.259254,0.999138,-0.039676,0.012244,0.000075
-1.310687,0.999143,-0.039462,0.012475,-0.000054
-1.353811,0.999137,-0.0397,0.012255,-0.000078
-1.188638,0.99911,-0.040382,0.012203,-0.000077
-0.952145,0.999097,-0.040635,0.012395,0.000083
-0.797163,0.999096,-0.040606,0.012557,0.000093
-0.857226,0.999102,-0.040525,0.012354,0.00008
-0.906017,0.99911,-0.0405,0.011767,-0.000076
-0.697587,0.999111,-0.040669,0.011077,-0.000077
-0.641085,0.999101,-0.040961,0.010976,-0.000076
-0.575027,0.999061,-0.041742,0.011647,-0.00004
-0.552199,0.999032,-0.042242,0.012254,0.000125
-0.171416,0.999019,-0.042491,0.012452,0.000157
0.021211,0.999033,-0.04244,0.011497,0.000117
0.010137,0.999045,-0.042671,0.009429,-0.000085
-0.127444,0.999044,-0.042871,0.008545,-0.000114
-0.169515,0.999047,-0.042771,0.008735,-0.000089
-0.117063,0.999033,-0.042976,0.00924,0.000043
0.082075,0.999007,-0.043583,0.009253,0.000058
0.38998,0.998967,-0.044696,0.008234,0.000022
0.474146,0.998964,-0.044958,0.007039,-0.000028
0.324489,0.998982,-0.044736,0.005875,-0.000177
0.275874,0.998991,-0.044494,0.006152,-0.000161
0.99217,0.99898,-0.044566,0.007304,-0.000097
1.194818,0.998964,-0.044854,0.007622,0.000032
0.965271,0.998944,-0.045418,0.006888,0.000001
0.757436,0.998938,-0.045711,0.005732,-0.000052
0.907294,0.998947,-0.045564,0.005354,-0.000176
1.004532,0.998958,-0.045303,0.005503,-0.00018
1.046039,0.99896,-0.045195,0.006084,-0.000151
1.085072,0.998938,-0.045556,0.006912,-0.000112
1.175773,0.998915,-0.046063,0.006842,0.000002
1.310972,0.99889,-0.046727,0.005903,-0.000036
1.395488,0.998894,-0.046739,0.005124,-0.000072
1.493585,0.998906,-0.046503,0.004993,-0.000175
1.517398,0.998898,-0.0466,0.005663,-0.000148
1.864768,0.998844,-0.047583,0.006899,-0.000072
1.929652,0.998785,-0.048722,0.007358,0.000061
1.886725,0.998782,-0.048855,0.006952,0.000052
1.849484,0.99884,-0.047787,0.005981,-0.000001
2.058953,0.998901,-0.046485,0.006041,-0.000001
2.19563,0.998936,-0.045559,0.007231,-0.000026
2.470577,0.998898,-0.046164,0.008422,0.000046
2.649774,0.998767,-0.048815,0.009025,0.000132
2.778305,0.998672,-0.050857,0.008214,0.000184
2.825431,0.998673,-0.050936,0.007553,0.000155
2.728185,0.998763,-0.049097,0.007847,0.00015
2.665926,0.99883,-0.047571,0.008684,0.000114
2.709335,0.998869,-0.046519,0.009891,0.00017
2.807011,0.998821,-0.047488,0.010047,0.000199
3.236443,0.998684,-0.050395,0.009538,0.000203
3.710342,0.998617,-0.051734,0.00938,0.000271
3.865217,0.998626,-0.051403,0.010169,0.000317
3.749269,0.998695,-0.049875,0.011026,0.000348
3.656517,0.998802,-0.047438,0.012026,0.00031
3.488407,0.998863,-0.046148,0.011951,0.000289
3.433577,0.99886,-0.046365,0.011401,0.000274
3.425007,0.99878,-0.048162,0.010907,0.000331
3.418921,0.998693,-0.049875,0.011174,0.000363
3.900803,0.998599,-0.051497,0.012181,0.000434
4.151424,0.99861,-0.051227,0.01242,0.000437
4.273858,0.998706,-0.049449,0.011906,0.000329
4.292671,0.998776,-0.048133,0.011376,0.00028
4.307596,0.99882,-0.047349,0.010811,0.000229
4.31883,0.99879,-0.047951,0.010894,0.000312
4.360716,0.998736,-0.049016,0.011163,0.000333
4.424402,0.998641,-0.05079,0.011715,0.000386
4.438719,0.998605,-0.05145,0.011833,0.000329
4.782162,0.998646,-0.050742,0.011456,0.000296
4.877315,0.998716,-0.049476,0.010893,0.000257
5.069659,0.998803,-0.04782,0.010234,0.000215
5.1198,0.998813,-0.047689,0.009895,0.000269
4.227781,0.998751,-0.049048,0.009553,0.000259
3.966562,0.998681,-0.050499,0.009252,0.000256
4.095312,0.998618,-0.051797,0.008871,0.000173
4.207103,0.99863,-0.051603,0.008688,0.000167
4.454017,0.998733,-0.049511,0.008991,0.000153
4.599553,0.998845,-0.047173,0.009177,0.000202
4.527218,0.998882,-0.04642,0.008909,0.000168
4.368635,0.998855,-0.047196,0.007793,0.000113
4.526323,0.998815,-0.048188,0.006849,0.000072
4.827231,0.998777,-0.049067,0.006075,-0.000062
4.913019,0.998782,-0.048959,0.006192,-0.000043
4.324153,0.998822,-0.048094,0.006431,-0.000032
4.158607,0.99887,-0.047087,0.006452,0.000059
4.168465,0.998889,-0.046714,0.006228,0.000052
4.283969,0.998896,-0.046602,0.006013,0.000028
4.42028,0.998897,-0.046584,0.005874,-0.00007
4.514287,0.998933,-0.045853,0.005506,-0.000099
4.71906,0.998972,-0.04502,0.005287,-0.000122
4.856892,0.99902,-0.043993,0.004891,-0.000147
4.81933,0.999046,-0.043463,0.004311,-0.000073
4.805873,0.999041,-0.043627,0.00382,-0.000091
4.408389,0.999024,-0.044035,0.003562,-0.000108
4.201891,0.999016,-0.044224,0.003489,-0.000195
4.22887,0.999032,-0.043869,0.003205,-0.000224
4.278092,0.999055,-0.043366,0.002825,-0.00024
4.212875,0.999102,-0.042295,0.002565,-0.000175
4.063681,0.999158,-0.040939,0.002702,-0.000183
4.29299,0.999191,-0.040122,0.002734,-0.000199
4.708335,0.99921,-0.039678,0.002212,-0.000324
4.827961,0.999189,-0.040245,0.001552,-0.000347
4.462161,0.999124,-0.041831,0.001002,-0.000365
4.353941,0.999083,-0.042814,0.001051,-0.000363
4.315339,0.999076,-0.042941,0.001502,-0.000249
4.304671,0.99912,-0.041912,0.001804,-0.000224
4.405822,0.999235,-0.039056,0.001924,-0.000224
4.435496,0.99929,-0.037631,0.001742,-0.000337
3.808409,0.99931,-0.037122,0.001279,-0.000366
3.376725,0.999259,-0.038477,0.001214,-0.000355
3.75355,0.99921,-0.039719,0.001595,-0.000329
4.018934,0.999152,-0.041122,0.002102,-0.00021
4.081755,0.999153,-0.04111,0.001957,-0.000216
4.109756,0.999213,-0.039625,0.001633,-0.000242
4.399185,0.999259,-0.038438,0.001808,-0.000344
4.862141,0.999304,-0.037199,0.002797,-0.000285
4.993073,0.999305,-0.037119,0.003501,-0.000258
4.766879,0.999255,-0.038397,0.003919,-0.000146
4.696677,0.999192,-0.040022,0.003582,-0.000149
4.676315,0.999102,-0.042239,0.003207,-0.000146
4.665264,0.999093,-0.042394,0.003877,-0.000223
4.623398,0.999128,-0.041443,0.005095,-0.000182
4.593118,0.999177,-0.04,0.006696,-0.00012
4.481225,0.999182,-0.039893,0.006689,-0.000131
4.404728,0.999141,-0.041091,0.005446,-0.00009
4.608025,0.999086,-0.042514,0.004408,-0.000118
4.747296,0.998993,-0.044677,0.004073,-0.000122
4.848431,0.99897,-0.045161,0.004528,-0.000217
4.973241,0.998998,-0.044411,0.00549,-0.000189
4.731581,0.999067,-0.042812,0.005652,-0.000201
4.592597,0.999094,-0.042178,0.005677,-0.00021
4.651793,0.999068,-0.042808,0.005515,-0.000101
4.817782,0.999,-0.044421,0.005036,-0.000114
4.727572,0.998895,-0.046813,0.0041,-0.000159
4.505303,0.998874,-0.047273,0.004082,-0.000275
4.35415,0.998921,-0.046172,0.005083,-0.000252
4.552485,0.998981,-0.04473,0.005935,-0.000234
4.690198,0.999036,-0.04346,0.006112,-0.000103
4.755845,0.999033,-0.043592,0.00574,-0.000124
4.79974,0.998951,-0.045528,0.004944,-0.000141
4.625517,0.998851,-0.04771,0.004601,-0.00026
4.574338,0.998818,-0.048362,0.004955,-0.000236
4.786129,0.998869,-0.047127,0.006345,-0.000165
4.905349,0.998927,-0.045772,0.007011,-0.000151
4.062871,0.998979,-0.044591,0.007249,-0.000017
3.602682,0.998973,-0.044684,0.007511,-0.000003
3.511918,0.998916,-0.04582,0.008227,0.000042
3.699532,0.998861,-0.046949,0.008554,0.000068
3.863914,0.998799,-0.048304,0.008155,-0.000047
3.966623,0.998822,-0.047908,0.007749,-0.000064
3.998873,0.998877,-0.046584,0.008658,-0.000025
4.366308,0.998936,-0.044702,0.0113,0.000186
4.47307,0.998919,-0.044705,0.012757,0.000248
4.365038,0.998818,-0.046808,0.013131,0.000307
4.331804,0.998746,-0.04844,0.012643,0.000206
4.104276,0.998702,-0.049605,0.011591,0.000175
3.990302,0.998727,-0.049089,0.011581,0.000171
4.801984,0.998793,-0.047207,0.013589,0.000344
5.378558,0.998821,-0.045731,0.016248,0.000463
5.038989,0.998811,-0.045722,0.016901,0.000504
4.797372,0.998759,-0.04708,0.016265,0.000404
4.686723,0.998711,-0.048202,0.015878,0.000409
4.573621,0.99865,-0.049097,0.016967,0.000474
4.6151,0.998628,-0.048853,0.018871,0.000573
4.714493,0.998629,-0.047652,0.021652,0.000761
4.742736,0.998663,-0.046513,0.022556,0.00078
4.532275,0.9987,-0.045863,0.022252,0.000778
4.662989,0.998619,-0.047664,0.022107,0.000737
4.903544,0.998515,-0.049456,0.022847,0.000827
5.065607,0.998414,-0.050717,0.024426,0.000937
4.805374,0.998444,-0.049789,0.025081,0.000941
4.624281,0.998568,-0.047201,0.02515,0.000965
4.733503,0.998638,-0.045705,0.025146,0.000927
4.808614,0.998647,-0.045334,0.025464,0.000935
4.601799,0.998611,-0.046026,0.025644,0.000871
4.243968,0.998528,-0.047967,0.025292,0.000888
4.025765,0.998505,-0.048842,0.02453,0.00088
3.772242,0.998564,-0.048249,0.023253,0.000888
3.949517,0.998701,-0.045704,0.022508,0.000792
4.068166,0.998784,-0.044089,0.02206,0.000742
4.286586,0.99885,-0.043091,0.02099,0.000589
4.479138,0.998858,-0.043578,0.019564,0.000522
4.650394,0.998834,-0.045188,0.016961,0.000433
4.737362,0.998818,-0.046091,0.015443,0.00038
4.792974,0.998836,-0.046141,0.014034,0.000387
4.902904,0.998894,-0.045192,0.013002,0.000319
4.97365,0.999005,-0.043364,0.010449,0.000171
5.189425,0.999061,-0.04266,0.007624,-0.000069
5.248094,0.999059,-0.042979,0.005867,-0.000158
5.078471,0.99902,-0.044114,0.00356,-0.000265
4.977749,0.998995,-0.044767,0.002257,-0.000336
5.178808,0.999002,-0.044666,0.000816,-0.000299
5.299277,0.999032,-0.043979,-0.000561,-0.000378
5.283001,0.999091,-0.042489,-0.003435,-0.000499
5.252742,0.999107,-0.041924,-0.005225,-0.000692
5.096475,0.999107,-0.041664,-0.006957,-0.000765
4.869706,0.9991,-0.041771,-0.007286,-0.00078
4.624965,0.999096,-0.041841,-0.007492,-0.00067
4.291139,0.999097,-0.041636,-0.008448,-0.000708
4.198393,0.999114,-0.041064,-0.009198,-0.000734
4.604227,0.999162,-0.039649,-0.010145,-0.000765
4.725715,0.999194,-0.038783,-0.010309,-0.000889
4.96088,0.99923,-0.037986,-0.009795,-0.000868
5.049213,0.999226,-0.038246,-0.009164,-0.000827
5.079032,0.999213,-0.038617,-0.009005,-0.00071
5.097056,0.999186,-0.039292,-0.009061,-0.000723
5.278319,0.999197,-0.039118,-0.008652,-0.000706
5.39886,0.999265,-0.03761,-0.007308,-0.000779
5.250411,0.999319,-0.036327,-0.006421,-0.000743
4.97405,0.999348,-0.035679,-0.005498,-0.000708
5.03643,0.999315,-0.03666,-0.005057,-0.000705
5.215677,0.999245,-0.038607,-0.004243,-0.000536
5.260466,0.999212,-0.039547,-0.003403,-0.000527
5.282422,0.999241,-0.038911,-0.001824,-0.000479
5.031885,0.999319,-0.036888,-0.000436,-0.000585
4.711767,0.99937,-0.035476,0.000044,-0.000568
4.428775,0.999387,-0.03501,-0.000012,-0.000569
4.2863,0.999359,-0.035801,0.000012,-0.000422
4.196301,0.99929,-0.037648,0.001231,-0.000372
4.175348,0.999264,-0.038256,0.002698,-0.000322
4.168308,0.999288,-0.0375,0.004064,-0.000428
3.811293,0.999349,-0.035863,0.003801,-0.000465
3.712475,0.999386,-0.034913,0.00307,-0.000493
4.050817,0.999399,-0.034595,0.002288,-0.000522
4.247184,0.999378,-0.035158,0.002553,-0.000369
4.275793,0.999315,-0.036792,0.003885,-0.000312
4.259295,0.999282,-0.037593,0.004769,-0.000288
4.23132,0.999288,-0.037374,0.005216,-0.000433
4.199679,0.999349,-0.035783,0.004633,-0.000475
4.196963,0.999376,-0.035099,0.003867,-0.00051
4.201801,0.999373,-0.035297,0.00281,-0.000387
4.156857,0.999343,-0.036149,0.002669,-0.000386
4.082737,0.999279,-0.037824,0.003306,-0.00036
4.062371,0.999249,-0.038591,0.003573,-0.000357
4.022352,0.999248,-0.038615,0.003378,-0.000535
4.011949,0.999269,-0.038121,0.002722,-0.000577
4.455574,0.999284,-0.037802,0.001523,-0.000632
4.584103,0.999269,-0.038226,0.000896,-0.000475
5.080672,0.999194,-0.040134,0.000106,-0.000503
5.387379,0.999111,-0.042156,-0.00057,-0.000547
5.092571,0.999074,-0.043003,-0.000993,-0.000755
4.881986,0.999069,-0.043084,-0.002124,-0.000811
4.848692,0.999091,-0.042503,-0.003136,-0.000856
4.852782,0.99912,-0.041685,-0.004584,-0.00093
4.495339,0.999126,-0.041474,-0.005062,-0.000759
3.912645,0.999102,-0.042011,-0.005497,-0.000791
3.837494,0.999073,-0.042678,-0.005589,-0.000804
3.889842,0.999019,-0.043896,-0.00577,-0.000994
4.104322,0.999021,-0.043827,-0.005901,-0.001004
4.215191,0.999033,-0.043534,-0.00603,-0.000988
4.146556,0.999034,-0.043468,-0.006475,-0.000828
4.093293,0.999012,-0.04391,-0.006836,-0.000842
4.142964,0.998966,-0.044903,-0.007081,-0.000865
4.269349,0.998927,-0.045794,-0.006909,-0.001056
4.449938,0.998907,-0.046256,-0.006642,-0.001054
4.707896,0.998888,-0.046758,-0.005863,-0.001028
4.780364,0.998885,-0.046912,-0.005172,-0.000983
4.303921,0.998874,-0.047207,-0.004585,-0.000772
4.163824,0.998851,-0.047712,-0.004434,-0.000778
4.253221,0.9988,-0.048779,-0.004255,-0.000789
4.280454,0.998785,-0.049114,-0.003848,-0.000964
4.489021,0.998794,-0.049007,-0.002947,-0.000928
4.593671,0.998808,-0.048757,-0.001966,-0.000882
4.570438,0.998798,-0.048993,-0.001061,-0.000647
4.530542,0.998768,-0.049608,-0.001078,-0.000658
4.849025,0.998754,-0.049882,-0.001145,-0.000661
5.063584,0.998781,-0.049351,-0.000643,-0.000837
5.054413,0.998824,-0.048471,0.00012,-0.000796
4.977713,0.998878,-0.047315,0.001754,-0.000721
4.960215,0.998889,-0.047044,0.002543,-0.000684
4.95244,0.998864,-0.047559,0.003083,-0.000448
4.94791,0.998832,-0.048207,0.003343,-0.000457
4.995752,0.998798,-0.048833,0.004199,-0.000422
4.877248,0.99882,-0.048231,0.005718,-0.000544
4.712859,0.998828,-0.04793,0.006686,-0.000495
4.600695,0.998802,-0.048297,0.00782,-0.00045
4.86096,0.998759,-0.049149,0.008091,-0.000437
5.039464,0.998693,-0.05053,0.007682,-0.000247
4.573755,0.998668,-0.051052,0.007412,-0.000244
4.255425,0.998672,-0.05096,0.00757,-0.000222
4.163308,0.998685,-0.050632,0.008029,-0.0004
4.104183,0.998704,-0.05018,0.008474,-0.000367
3.576869,0.998696,-0.050435,0.00794,-0.00038
3.308958,0.998687,-0.050747,0.00706,-0.000224
3.392596,0.998666,-0.051303,0.005823,-0.00027
3.484927,0.998641,-0.051845,0.005386,-0.000282
3.917924,0.998586,-0.052904,0.005238,-0.000462
4.394725,0.998542,-0.053777,0.004756,-0.00047
4.877896,0.998494,-0.054783,0.002855,-0.000561
5.251628,0.998469,-0.055304,0.000545,-0.000679
5.353357,0.998475,-0.055205,-0.000314,-0.000564
5.039059,0.998514,-0.054487,-0.000528,-0.000591
4.941486,0.99853,-0.054193,-0.000576,-0.000585
4.891701,0.998507,-0.054585,-0.001722,-0.000816
4.874681,0.99847,-0.055176,-0.003538,-0.000912
5.309485,0.99845,-0.055334,-0.005918,-0.001039
5.538274,0.998489,-0.05459,-0.006237,-0.00105
5.128143,0.998601,-0.052637,-0.00501,-0.000823
4.795069,0.99871,-0.050599,-0.004264,-0.000792
4.156837,0.998766,-0.049415,-0.004796,-0.000802
3.725222,0.99881,-0.048333,-0.006506,-0.001052
3.875373,0.998827,-0.047914,-0.006891,-0.001069
4.243011,0.998841,-0.047844,-0.005169,-0.00098
4.405371,0.998852,-0.047767,-0.00358,-0.000704
4.567197,0.998881,-0.047233,-0.00232,-0.00065
4.614231,0.99892,-0.046383,-0.002774,-0.000666
5.121829,0.999006,-0.044416,-0.003813,-0.000708
5.266874,0.999048,-0.043463,-0.003582,-0.000875
4.904732,0.999079,-0.042889,-0.001282,-0.000773
4.76222,0.999084,-0.042779,0.000812,-0.000685
4.009848,0.999097,-0.042472,0.000941,-0.000493
3.498876,0.99913,-0.041703,-0.0001,-0.000531
3.859358,0.99916,-0.040978,0.000017,-0.000526
4.115697,0.999197,-0.040006,0.002272,-0.0006
4.48398,0.999202,-0.039659,0.004716,-0.000503
5.011648,0.999162,-0.040325,0.006945,-0.000421
4.558879,0.999132,-0.041156,0.006483,-0.000237
4.27208,0.999126,-0.041363,0.006098,-0.000249
4.277509,0.999102,-0.041641,0.007866,-0.000161
4.328042,0.99907,-0.041864,0.010309,-0.000054
4.31378,0.999028,-0.042126,0.012949,-0.000097
4.26189,0.999016,-0.042315,0.013281,-0.000089
4.443793,0.998995,-0.043001,0.012612,-0.000109
4.704854,0.998971,-0.043572,0.012592,0.000071
4.881116,0.99893,-0.044115,0.013912,0.000145
4.711199,0.998903,-0.044,0.01605,0.000242
4.659082,0.998893,-0.043973,0.016693,0.000101
4.899504,0.998872,-0.044415,0.016806,0.000107
4.967568,0.998864,-0.044719,0.016483,0.000103
4.116608,0.998863,-0.044852,0.01616,0.000094
3.659533,0.998868,-0.044757,0.016134,0.00026
3.948538,0.998882,-0.044232,0.016679,0.000284
4.177657,0.998889,-0.043888,0.017168,0.000314
4.292768,0.998885,-0.043885,0.0174,0.000201
4.283766,0.99888,-0.044148,0.017038,0.000181
4.430152,0.998862,-0.044905,0.016044,0.000145
4.675603,0.998846,-0.045508,0.015382,0.000263
4.878189,0.998857,-0.045288,0.015286,0.00025
5.13793,0.99891,-0.044068,0.015423,0.00024
5.208891,0.998943,-0.043273,0.015525,0.000245
4.82748,0.998933,-0.043452,0.015661,0.000104
4.713397,0.998902,-0.044309,0.015214,0.000097
4.619184,0.998885,-0.045134,0.013855,0.000046
4.591871,0.998897,-0.045106,0.013015,0.00016
4.542718,0.998912,-0.044806,0.012929,0.000161
4.515719,0.99891,-0.044485,0.014121,0.000224
4.282783,0.998909,-0.04429,0.014833,0.000134
4.126146,0.998906,-0.044494,0.014422,0.000122
4.138658,0.998904,-0.044978,0.012968,0.000056
4.204227,0.998889,-0.045865,0.010862,-0.000028
4.268801,0.998882,-0.046075,0.010584,0.000093
4.355922,0.998914,-0.045151,0.011483,0.00012
4.640678,0.998994,-0.043103,0.012381,0.000123
4.781682,0.99904,-0.04205,0.01227,-0.00003
4.682456,0.999075,-0.041477,0.011386,-0.000078
4.466609,0.999055,-0.042082,0.01091,-0.000098
4.44206,0.99898,-0.043906,0.010596,0.000048
4.554172,0.998932,-0.044968,0.01061,0.00006
4.630541,0.998929,-0.044888,0.011189,0.000082
4.112945,0.99896,-0.043996,0.011944,0.000119
3.760517,0.999014,-0.042444,0.012998,0.000015
3.668145,0.999037,-0.041771,0.013452,0.000045
3.613891,0.999034,-0.041988,0.013,0.000038
4.361041,0.999006,-0.042953,0.011956,0.000135
4.758783,0.998983,-0.04361,0.011458,0.000117
5.080822,0.998971,-0.04382,0.011684,0.000132
5.181717,0.998972,-0.043642,0.012227,0.000032
4.956721,0.998984,-0.043004,0.013514,0.000097
4.612407,0.998986,-0.042713,0.014219,0.000138
4.401793,0.998966,-0.043273,0.013924,0.000159
4.367502,0.998937,-0.044155,0.013211,0.000241
4.547694,0.998879,-0.045835,0.011849,0.000214
4.869873,0.99883,-0.04694,0.011666,0.000227
4.961849,0.998813,-0.047144,0.01225,0.000151
3.670589,0.998818,-0.046786,0.01319,0.000211
3.296969,0.998832,-0.046513,0.013092,0.000201
3.408853,0.998845,-0.046522,0.012009,0.00025
3.449377,0.998839,-0.046867,0.01118,0.000207
3.920319,0.998799,-0.047773,0.010865,0.000195
4.162915,0.998765,-0.048479,0.010869,0.000201
4.844234,0.998744,-0.048799,0.011367,0.000116
5.160429,0.998766,-0.048264,0.011691,0.000129
5.087461,0.998818,-0.04721,0.011586,0.000125
4.698588,0.998826,-0.04721,0.010837,0.000213
4.706415,0.998801,-0.047858,0.0103,0.000202
4.82717,0.998751,-0.048944,0.010081,0.000222
4.860205,0.998747,-0.049053,0.009915,0.000119
4.551295,0.998827,-0.047472,0.009583,0.000096
4.460348,0.998883,-0.046301,0.009412,0.000078
4.569667,0.998907,-0.045832,0.009201,0.000064
4.602149,0.998884,-0.046355,0.009013,0.000156
4.965501,0.998851,-0.047197,0.008324,0.000137
5.100402,0.998891,-0.04649,0.007441,0.000081
4.83088,0.998935,-0.045619,0.006914,-0.000037
4.64333,0.998974,-0.044808,0.0065,-0.000056
4.736475,0.998948,-0.045401,0.006455,-0.000061
4.800672,0.998872,-0.047059,0.006376,0.00004
4.823669,0.998838,-0.04782,0.005925,0.00003
4.842512,0.998907,-0.046452,0.005106,-0.000016
4.922907,0.998994,-0.044575,0.004907,-0.000014
5.048032,0.999059,-0.043009,0.005509,-0.000061
5.082649,0.999027,-0.043644,0.006392,-0.000002
5.81921,0.998924,-0.045844,0.007043,0.000035
5.972507,0.998926,-0.045918,0.006193,0.000061
5.896744,0.998993,-0.044546,0.005321,0.000023
5.973699,0.999102,-0.041943,0.006046,0.000008
6.123533,0.999113,-0.041395,0.007718,-0.000022
6.217204,0.999051,-0.042371,0.010073,0.000084
6.117243,0.999014,-0.043207,0.010231,0.000087
6.040802,0.99906,-0.042454,0.008811,0.000033
5.611856,0.999152,-0.040478,0.007482,0.000045
5.485786,0.999177,-0.039792,0.007926,0.00006
5.425385,0.999106,-0.040965,0.010492,0.00018
5.414984,0.999044,-0.042011,0.012122,0.000173
5.94921,0.999019,-0.04257,0.012166,0.000199
6.230621,0.999048,-0.042261,0.01084,0.000143
6.154224,0.999073,-0.042119,0.008909,0.000151
5.874858,0.999059,-0.042497,0.008661,0.000152
5.866615,0.998998,-0.043624,0.010004,0.000224
6.094737,0.998957,-0.044105,0.011853,0.000253
6.159232,0.998973,-0.04357,0.012425,0.000273
6.860693,0.999033,-0.042353,0.011802,0.000265
7.058278,0.999054,-0.042057,0.011036,0.000244
6.427008,0.999009,-0.043304,0.010273,0.000284
6.23682,0.998936,-0.044984,0.010134,0.000312
6.690592,0.998825,-0.047347,0.010319,0.000344
6.819029,0.998802,-0.047779,0.010526,0.00031
7.02465,0.998838,-0.046917,0.010977,0.000308
7.13167,0.998888,-0.045712,0.011529,0.00032
6.858352,0.998892,-0.045565,0.011757,0.000339
6.665688,0.998845,-0.046584,0.011811,0.000407
6.627636,0.99879,-0.047785,0.011667,0.000416
6.619273,0.99873,-0.049167,0.011018,0.0004
6.740119,0.998738,-0.049117,0.01046,0.000326
6.938934,0.998799,-0.047972,0.009908,0.000304
6.994918,0.998838,-0.047087,0.010212,0.000314
6.803648,0.998841,-0.046801,0.011229,0.00041
6.746649,0.998818,-0.04716,0.01177,0.000436
7.298738,0.998774,-0.048164,0.011422,0.000447
7.504062,0.998766,-0.048515,0.010633,0.00042
7.047367,0.998778,-0.048381,0.010092,0.000405
6.731243,0.998794,-0.048196,0.009382,0.000375
6.536285,0.998784,-0.048394,0.009461,0.000373
6.40711,0.998758,-0.048702,0.01048,0.000465
6.31196,0.998747,-0.048813,0.011027,0.000498
6.252599,0.998772,-0.04838,0.010691,0.000472
7.070307,0.998818,-0.047647,0.009625,0.0004
7.504565,0.99884,-0.047294,0.009046,0.000388
7.676898,0.998826,-0.047572,0.009105,0.000407
7.693135,0.9988,-0.047971,0.009869,0.000468
7.482762,0.998781,-0.048039,0.011339,0.000532
7.212358,0.998801,-0.047417,0.01216,0.000556
7.022355,0.998851,-0.046415,0.011902,0.000553
6.96479,0.998866,-0.046274,0.011204,0.000538
6.926999,0.99885,-0.046791,0.010473,0.000527
7.376795,0.998844,-0.046879,0.010622,0.000555
7.683538,0.998871,-0.04619,0.011074,0.00054
7.044978,0.998913,-0.045321,0.010863,0.000538
6.858029,0.998909,-0.045539,0.010376,0.00052
5.98106,0.998851,-0.046968,0.009498,0.000529
5.732604,0.998818,-0.047747,0.009098,0.000515
6.119248,0.998862,-0.046706,0.009687,0.000556
6.367219,0.998943,-0.044686,0.01072,0.000595
6.767727,0.999048,-0.042054,0.011616,0.000579
6.938358,0.999075,-0.041408,0.01162,0.000577
7.240404,0.999036,-0.042486,0.011075,0.000589
7.505405,0.998998,-0.043442,0.01075,0.000619
7.701994,0.998984,-0.043804,0.01059,0.000691
7.794896,0.999002,-0.043236,0.011163,0.000746
7.816004,0.999003,-0.043029,0.011873,0.000768
7.167692,0.998951,-0.044143,0.012138,0.000744
6.976206,0.998908,-0.045261,0.011573,0.000732
7.455912,0.998892,-0.045814,0.010715,0.000711
7.594572,0.998915,-0.045207,0.011123,0.000799
7.391568,0.998959,-0.0438,0.012727,0.000856
7.220533,0.998971,-0.043011,0.014329,0.000959
7.340611,0.998956,-0.043251,0.014669,0.0009
7.421803,0.998903,-0.044614,0.01422,0.000901
7.182221,0.998868,-0.045632,0.01342,0.000877
7.017647,0.998844,-0.046392,0.012586,0.000937
7.00224,0.99887,-0.045791,0.012655,0.000933
7.023708,0.998944,-0.043707,0.014097,0.000986
7.439636,0.998961,-0.042599,0.01618,0.001081
7.655528,0.998941,-0.042854,0.016735,0.001005
7.768937,0.99889,-0.044338,0.01587,0.001001
7.769395,0.998844,-0.045825,0.014514,0.000954
7.568148,0.99876,-0.048081,0.012868,0.001005
7.31824,0.998698,-0.049433,0.012542,0.001011
7.146773,0.998579,-0.051642,0.013114,0.001066
7.089653,0.9985,-0.053063,0.013441,0.001104
7.053282,0.998415,-0.054889,0.012422,0.000986
7.546672,0.99835,-0.056401,0.010713,0.000902
7.884167,0.998157,-0.060216,0.007524,0.000756
8.610281,0.997825,-0.065689,0.005452,0.000743
8.956882,0.997526,-0.070115,0.00503,0.000741
8.360603,0.997051,-0.076554,0.005342,0.000791
7.987064,0.996781,-0.080003,0.005199,0.000707
7.71482,0.996358,-0.085185,0.003647,0.000606
7.632649,0.996049,-0.088773,0.002154,0.000493
7.675322,0.995494,-0.09482,0.000386,0.000449
7.78211,0.99504,-0.09948,-0.000136,0.000381
8.322649,0.994337,-0.106269,0.000183,0.000407
8.927061,0.993876,-0.110498,0.000828,0.000472
9.331034,0.993171,-0.116645,0.002092,0.00053
9.301089,0.992315,-0.123696,0.003109,0.00068
9.2826,0.991784,-0.127879,0.003237,0.000712
8.827621,0.991289,-0.131674,0.002863,0.00077
8.689656,0.991179,-0.132498,0.002755,0.000744
8.496291,0.991339,-0.131282,0.003313,0.000798
8.392288,0.991641,-0.128955,0.004372,0.000837
8.529989,0.991839,-0.127382,0.005323,0.000945
8.62385,0.992058,-0.125596,0.006728,0.001118
8.580136,0.992183,-0.124562,0.007454,0.001206
8.547745,0.992423,-0.122599,0.008001,0.001351
8.373585,0.992688,-0.120426,0.008158,0.001361
8.098795,0.993369,-0.114667,0.008277,0.001311
8.123883,0.993961,-0.109385,0.008697,0.001223
8.242462,0.995065,-0.098736,0.009804,0.001237
8.278258,0.995734,-0.091678,0.010396,0.001228
8.463165,0.996591,-0.081812,0.010598,0.001134
8.705362,0.997387,-0.071556,0.009851,0.001048
8.940339,0.998001,-0.062601,0.008606,0.000882
9.097107,0.998893,-0.046646,0.006035,0.000602
9.024054,0.999337,-0.036088,0.004712,0.00041
8.970138,0.99981,-0.018998,0.004457,0.00033
8.45935,0.999947,-0.008672,0.005601,0.000299
8.11164,0.999964,0.003978,0.007502,0.000303
8.041944,0.999903,0.011514,0.007821,0.000225
8.027922,0.999754,0.021246,0.006367,0.00016
8.1255,0.999594,0.028081,0.004918,0.000165
8.289686,0.999217,0.039358,0.003966,0.000082
8.04127,0.998624,0.052261,0.00438,0.000021
7.897261,0.998204,0.059739,0.004598,-0.000028
7.777334,0.997725,0.06729,0.003987,0.000035
7.72111,0.997522,0.070304,0.002567,0.000105
8.3935,0.997333,0.072991,-0.000094,0.000297
9.268476,0.997244,0.074167,-0.001872,0.000359
9.85863,0.997044,0.07672,-0.004043,0.00054
10.895071,0.996809,0.079682,-0.004617,0.000625
11.181113,0.996701,0.081024,-0.004573,0.000691
10.302296,0.996725,0.080719,-0.004888,0.000714
10.032681,0.996882,0.078693,-0.005805,0.000756
9.595121,0.997248,0.073689,-0.008161,0.000891
9.406724,0.997505,0.069936,-0.009573,0.000898
8.886648,0.997918,0.063646,-0.010414,0.000916
8.645505,0.998169,0.059697,-0.009704,0.000849
8.680938,0.998528,0.053776,-0.007015,0.000746
8.882589,0.998812,0.04847,-0.005057,0.000599
9.036514,0.999262,0.038287,-0.003185,0.000457
9.111025,0.999632,0.026966,-0.002942,0.00032
9.032361,0.999822,0.018629,-0.003103,0.000299
8.883804,0.999972,0.007049,-0.002426,0.000268
8.84179,1,0.000169,-0.000858,0.000255
8.548652,0.99996,-0.008532,0.002482,0.000356
8.466334,0.999888,-0.014194,0.004696,0.00038
8.426829,0.999726,-0.022521,0.00636,0.000459
8.419144,0.999593,-0.027785,0.006434,0.000412
8.584098,0.999299,-0.036981,0.005762,0.000445
8.70139,0.998904,-0.046419,0.005996,0.000511
8.753778,0.998621,-0.052053,0.006811,0.00065
8.790074,0.998156,-0.060036,0.008877,0.000827
8.826976,0.997836,-0.065034,0.009684,0.000929
8.876654,0.997371,-0.071898,0.008952,0.000946
8.904442,0.997067,-0.076162,0.007477,0.000805
8.935673,0.996503,-0.083397,0.005066,0.000648
8.777465,0.996054,-0.088652,0.004123,0.000581
8.511214,0.995398,-0.095758,0.003593,0.000633
8.435243,0.994983,-0.099995,0.002969,0.000583
8.639062,0.994523,-0.104513,0.001206,0.000395
8.316361,0.994278,-0.106822,-0.000821,0.000107
7.837246,0.994187,-0.107644,-0.002271,-0.000041
7.516856,0.994085,-0.108527,-0.004067,-0.000229
7.011463,0.994028,-0.10902,-0.004768,-0.000314
6.679893,0.993984,-0.109397,-0.005248,-0.000312
7.454166,0.994047,-0.108817,-0.005343,-0.000338
7.995305,0.994458,-0.104975,-0.00582,-0.000346
8.541507,0.994862,-0.101043,-0.006245,-0.000427
9.278311,0.995558,-0.093935,-0.006407,-0.000401
9.330988,0.996032,-0.088845,-0.005206,-0.000265
9.287263,0.996249,-0.086435,-0.00422,-0.000108
9.374619,0.996652,-0.081692,-0.003444,-0.000025
9.516288,0.997047,-0.076715,-0.0035,-0.000008
9.577608,0.997769,-0.066703,-0.00285,0.000065
9.56418,0.998133,-0.061054,-0.001581,0.000093
9.67296,0.998505,-0.054635,0.001676,0.000286
9.820612,0.998608,-0.052611,0.003708,0.000407
9.913048,0.998692,-0.05087,0.005201,0.000552
9.583838,0.998777,-0.049178,0.005166,0.000529
9.237387,0.999048,-0.043396,0.004422,0.000492
9.093406,0.999197,-0.039751,0.004943,0.000425
8.996406,0.999406,-0.033614,0.007538,0.000487
9.035165,0.999487,-0.030402,0.010049,0.000548
9.048393,0.999494,-0.029958,0.010645,0.000646
9.038988,0.999504,-0.029889,0.009917,0.000613
9.037175,0.999528,-0.029489,0.008645,0.000579
9.364223,0.99957,-0.028585,0.006467,0.00052
9.535706,0.999591,-0.028015,0.005678,0.000416
9.844008,0.999607,-0.02752,0.005396,0.000402
9.975341,0.999601,-0.027732,0.005397,0.000407
9.519205,0.99956,-0.029206,0.005203,0.000484
8.865048,0.999524,-0.030544,0.004409,0.000468
8.456316,0.99948,-0.032186,0.001698,0.000403
8.356228,0.999449,-0.033167,-0.001279,0.000221
8.427716,0.999418,-0.03401,-0.002773,0.000175
8.574279,0.999335,-0.036297,-0.003569,0.000148
8.621274,0.999253,-0.038472,-0.00358,0.000154
8.709491,0.999137,-0.041334,-0.003995,0.000223
8.737027,0.999067,-0.042883,-0.00518,0.000179
8.970687,0.99895,-0.045057,-0.008287,0.000029
9.059113,0.998809,-0.047578,-0.010826,-0.000219
9.112304,0.998695,-0.049715,-0.011675,-0.000267
9.146711,0.998545,-0.052706,-0.011424,-0.000298
8.877747,0.998477,-0.05404,-0.011085,-0.000189
8.692995,0.998407,-0.05529,-0.011234,-0.000206
8.90591,0.998374,-0.055762,-0.011853,-0.000248
9.304561,0.998323,-0.056414,-0.012951,-0.000324
9.37867,0.998282,-0.057034,-0.013438,-0.00046
9.386693,0.99823,-0.057947,-0.013385,-0.00046
9.303964,0.998228,-0.058147,-0.012637,-0.000415
9.258629,0.998275,-0.057461,-0.012076,-0.000265
9.244543,0.998414,-0.055175,-0.011227,-0.000188
9.257648,0.998508,-0.053447,-0.011154,-0.000144
9.028748,0.998631,-0.051057,-0.011358,-0.000238
8.734673,0.998736,-0.049058,-0.010983,-0.000194
8.536942,0.998917,-0.04555,-0.009454,-0.000081
9.328117,0.999061,-0.042561,-0.008087,0.000005
9.870483,0.999255,-0.038,-0.006794,0.000194
9.627219,0.999353,-0.035305,-0.006834,0.000229
9.454066,0.999444,-0.032404,-0.007811,0.000206
9.036866,0.999491,-0.03076,-0.00842,0.00019
8.406441,0.999598,-0.027241,-0.007921,0.000118
8.467933,0.999706,-0.023407,-0.006279,0.000174
8.746596,0.999857,-0.016606,-0.003144,0.000276
9.008122,0.99994,-0.010925,-0.001199,0.000396
9.229702,0.999968,-0.007913,-0.001126,0.000376
8.986683,0.999992,-0.003625,-0.001312,0.000377
8.537022,1,-0.000068,-0.0003,0.00038
8.502441,0.999973,0.006679,0.003008,0.00028
8.755591,0.999906,0.012262,0.006105,0.000218
8.932217,0.999739,0.020349,0.01035,0.000165
8.99788,0.999528,0.027361,0.013962,-0.000033
9.016558,0.999408,0.030533,0.015831,-0.000128
8.78021,0.999209,0.034587,0.019644,-0.0003
8.71181,0.999023,0.037699,0.023063,-0.000571
9.103469,0.998536,0.044878,0.030177,-0.001045
9.319874,0.998168,0.049711,0.034456,-0.001409
8.93365,0.99773,0.054679,0.039268,-0.001735
8.695026,0.997531,0.056023,0.042307,-0.001964
8.562497,0.997483,0.053683,0.046284,-0.002068
8.554277,0.997466,0.051674,0.048865,-0.002127
8.731068,0.99726,0.051522,0.053037,-0.002427
8.955724,0.996908,0.054133,0.056887,-0.002778
9.138115,0.996167,0.060368,0.063195,-0.003536
9.241186,0.995615,0.064034,0.068071,-0.004018
9.26835,0.99552,0.063225,0.070179,-0.004118
9.60173,0.995741,0.057384,0.072064,-0.003815
9.694874,0.995962,0.052103,0.073022,-0.003489
9.819508,0.996089,0.046482,0.075067,-0.003266
9.849987,0.995982,0.045498,0.07706,-0.003286
10.117352,0.995738,0.045624,0.080083,-0.003442
10.249041,0.995703,0.044515,0.08113,-0.003318
9.33532,0.995935,0.038634,0.081321,-0.002852
8.833219,0.996194,0.032627,0.080797,-0.002347
8.747139,0.996555,0.023361,0.07956,-0.001591
9.039119,0.996745,0.017345,0.07872,-0.001154
9.169436,0.996775,0.014228,0.078974,-0.000903
9.300497,0.996765,0.008488,0.079915,-0.000453
9.338991,0.996801,0.003144,0.079858,0.000047
9.18504,0.996891,-0.007908,0.078397,0.000908
9.140424,0.996931,-0.015252,0.076766,0.001444
8.816027,0.996962,-0.023938,0.07409,0.002041
8.707308,0.996917,-0.029248,0.072776,0.00234
8.689563,0.996792,-0.032847,0.072943,0.002624
8.682891,0.996413,-0.039793,0.074616,0.00328
8.490989,0.99602,-0.046062,0.076206,0.003837
8.365471,0.995418,-0.055574,0.077666,0.004653
8.484385,0.995082,-0.060943,0.077921,0.005084
8.571361,0.994599,-0.067055,0.079028,0.005556
8.578087,0.99414,-0.070684,0.081566,0.006022
8.566121,0.993195,-0.075786,0.088164,0.00694
8.660667,0.992395,-0.079838,0.093371,0.007729
8.818247,0.99114,-0.08655,0.100347,0.009032
8.54131,0.989967,-0.092717,0.106132,0.010229
8.137117,0.989312,-0.096123,0.109105,0.010879
7.752708,0.988409,-0.100005,0.113625,0.011687
7.538112,0.98772,-0.102069,0.117643,0.012333
7.797563,0.986681,-0.105095,0.123444,0.013342
8.259568,0.986106,-0.107367,0.125985,0.013998
8.577806,0.985399,-0.111681,0.127663,0.014753
8.901767,0.985201,-0.114116,0.127009,0.015009
9.116426,0.985411,-0.116293,0.123371,0.014884
9.688626,0.985744,-0.116586,0.12044,0.014494
10.067037,0.986449,-0.115882,0.115322,0.013772
9.742798,0.987048,-0.114463,0.111628,0.013167
9.105984,0.988061,-0.112556,0.104489,0.012228
9.466861,0.989326,-0.111216,0.093526,0.010875
9.712439,0.990236,-0.110215,0.084796,0.009786
9.800863,0.991551,-0.107198,0.072601,0.008077
9.751412,0.992473,-0.10389,0.064472,0.00696
9.723794,0.993825,-0.097277,0.053101,0.005385
9.724223,0.994587,-0.093041,0.046027,0.004544
9.721731,0.995539,-0.088256,0.033218,0.003189
9.582737,0.995976,-0.08634,0.023931,0.002314
9.486396,0.99643,-0.083844,0.00982,0.001044
9.11469,0.996801,-0.079905,-0.001605,0.000018
9.008477,0.997075,-0.075993,-0.008114,-0.000476
8.750013,0.997386,-0.070374,-0.016377,-0.001025
8.679334,0.997464,-0.067829,-0.021499,-0.001285
8.776204,0.997351,-0.065751,-0.031049,-0.001852
8.841162,0.997204,-0.064644,-0.037433,-0.002234
8.456566,0.997118,-0.061373,-0.044525,-0.002552
8.246967,0.997174,-0.058523,-0.047025,-0.002624
8.046718,0.997316,-0.053672,-0.049732,-0.002524
7.932145,0.997305,-0.051571,-0.052115,-0.002519
8.774564,0.997072,-0.05146,-0.0565,-0.002678
9.898993,0.996855,-0.05281,-0.059012,-0.002896
10.660329,0.996769,-0.053062,-0.06022,-0.002959
9.3134,0.99702,-0.048951,-0.059557,-0.002737
8.913204,0.997224,-0.045095,-0.059205,-0.00249
10.040457,0.997312,-0.042132,-0.059895,-0.002354
10.365067,0.997242,-0.042893,-0.060528,-0.002416
9.911925,0.997128,-0.045885,-0.060203,-0.002525
9.617241,0.997178,-0.047157,-0.05836,-0.002505
9.086989,0.997511,-0.045096,-0.054154,-0.002185
8.787606,0.997833,-0.040924,-0.051491,-0.001911
8.992557,0.997945,-0.039287,-0.050585,-0.001786
9.137763,0.997992,-0.040354,-0.048785,-0.001756
9.067251,0.998005,-0.042445,-0.046707,-0.001677
8.912107,0.998122,-0.044894,-0.041663,-0.001537
9.339574,0.998274,-0.044943,-0.037786,-0.001341
10.078606,0.998535,-0.042812,-0.033066,-0.001142
10.289223,0.998692,-0.04085,-0.030733,-0.000995
10.245049,0.998823,-0.039676,-0.027906,-0.000831
10.099594,0.998853,-0.041646,-0.023631,-0.000605
9.938794,0.998832,-0.044042,-0.019844,-0.000483
9.825431,0.998819,-0.046381,-0.014468,-0.000309
10.614794,0.998874,-0.045988,-0.011691,-0.00019
11.148774,0.99903,-0.043224,-0.008411,-0.000111
10.550324,0.99912,-0.041437,-0.006573,-0.000009
10.131209,0.999108,-0.041998,-0.004402,0.000071
10.036785,0.999028,-0.044026,-0.001961,0.000259
10.000447,0.998871,-0.047376,0.003372,0.000492
10.290266,0.998832,-0.047695,0.007711,0.000698
10.444908,0.998874,-0.04656,0.009115,0.000669
10.781761,0.998974,-0.044078,0.010379,0.000694
10.931108,0.998996,-0.043316,0.011443,0.000722
10.859998,0.998934,-0.044026,0.013874,0.000914
10.674911,0.998854,-0.044967,0.016374,0.001024
10.871696,0.998753,-0.045819,0.019775,0.001206
11.241374,0.998734,-0.045798,0.020763,0.001244
11.486354,0.998774,-0.04478,0.021063,0.001165
11.653194,0.998798,-0.043933,0.02169,0.001176
11.756515,0.998751,-0.043681,0.024238,0.001276
11.94115,0.9986,-0.044292,0.028892,0.001562
11.987793,0.998462,-0.044681,0.032763,0.001744
11.853046,0.998277,-0.044785,0.037861,0.001977
11.771122,0.998194,-0.044434,0.040373,0.002085
11.936778,0.998076,-0.043902,0.043736,0.002146
12.034538,0.997934,-0.043956,0.046807,0.002279
12.070485,0.997557,-0.044799,0.053545,0.002614
12.070707,0.997227,-0.045812,0.058564,0.002981
12.413497,0.996699,-0.047857,0.065492,0.003436
12.971783,0.996362,-0.048673,0.069864,0.003683
12.635359,0.996283,-0.047711,0.07163,0.003635
11.928586,0.996121,-0.045351,0.075325,0.003638
11.719995,0.995865,-0.045393,0.078597,0.003796
13.617057,0.995345,-0.048348,0.083267,0.004267
14.163455,0.995077,-0.050325,0.085257,0.004605
13.57781,0.994927,-0.051794,0.08611,0.004773
13.336281,0.994964,-0.051749,0.08571,0.004761
13.917323,0.994975,-0.05249,0.085132,0.004721
14.303702,0.99485,-0.055935,0.084384,0.00495
13.829874,0.994683,-0.059088,0.084192,0.005185
13.493974,0.994495,-0.063293,0.083324,0.005544
13.205663,0.994542,-0.065212,0.081264,0.005551
12.829879,0.9948,-0.066455,0.076995,0.00535
13.219059,0.994981,-0.067291,0.073875,0.0052
13.957957,0.995207,-0.069528,0.068587,0.004953
13.893187,0.995304,-0.071829,0.064714,0.004824
13.579051,0.995371,-0.075006,0.059915,0.004666
14.13171,0.995485,-0.076969,0.055368,0.004505
14.939855,0.995623,-0.078274,0.050894,0.004242
15.071424,0.995927,-0.079037,0.043226,0.003655
14.705738,0.996132,-0.078806,0.038721,0.003233
14.443222,0.996384,-0.078546,0.032295,0.0027
14.996151,0.996471,-0.078964,0.028352,0.002386
15.366316,0.996547,-0.079884,0.022553,0.001991
15.134086,0.996614,-0.080172,0.018189,0.001654
14.963718,0.99688,-0.078156,0.011042,0.001052
15.465333,0.997147,-0.075385,0.003783,0.000459
15.74052,0.997262,-0.073952,0.000124,0.000135
15.53299,0.997304,-0.073187,-0.005298,-0.000258
15.375176,0.997311,-0.072781,-0.00862,-0.000496
15.746855,0.997332,-0.071711,-0.013601,-0.000798
16.317968,0.997414,-0.069807,-0.017091,-0.00102
16.416119,0.997703,-0.064047,-0.022016,-0.001242
16.165127,0.997972,-0.058741,-0.024498,-0.001274
16.203308,0.998368,-0.0504,-0.026819,-0.00123
16.48539,0.998753,-0.041407,-0.027858,-0.00104
16.56123,0.998944,-0.036043,-0.028482,-0.000869
17.42651,0.999165,-0.027441,-0.030267,-0.000686
17.668482,0.999259,-0.021489,-0.031918,-0.000546
17.385496,0.999374,-0.011783,-0.033349,-0.000251
17.292374,0.99943,-0.005853,-0.033257,-0.000085
17.404934,0.999481,0.003255,-0.03206,0.000218
17.474596,0.99948,0.008234,-0.03117,0.000365
17.44088,0.999442,0.013631,-0.030489,0.000558
17.407907,0.9994,0.016661,-0.030368,0.000641
17.483953,0.999334,0.020345,-0.030272,0.000751
17.638222,0.999265,0.024295,-0.029653,0.000869
17.801748,0.99923,0.026663,-0.02876,0.000882
18.022711,0.999179,0.030998,-0.026059,0.000935
18.092913,0.999155,0.033367,-0.023961,0.000921
18.142834,0.999139,0.03537,-0.021663,0.000923
18.150856,0.999145,0.035797,-0.020648,0.000877
18.511299,0.999193,0.035152,-0.019415,0.000835
18.6096,0.999238,0.034423,-0.018399,0.000775
18.497414,0.99932,0.032997,-0.016473,0.000662
18.458364,0.99939,0.03171,-0.014615,0.000586
18.580946,0.999512,0.029092,-0.011365,0.000443
18.667734,0.999646,0.025111,-0.008802,0.000362
18.894526,0.999741,0.021486,-0.007507,0.000303
19.042027,0.999869,0.015068,-0.005883,0.000218
19.142452,0.99993,0.010808,-0.004904,0.000145
19.262573,0.999991,0.003086,-0.002911,0.000107
19.34996,0.999997,-0.002375,-0.00113,0.000087
19.45639,0.999942,-0.010586,0.001755,0.000133
19.481241,0.999855,-0.016689,0.00328,0.000161
19.536367,0.999641,-0.026347,0.004783,0.00022
19.884293,0.999329,-0.036139,0.005952,0.000309
20.302465,0.999091,-0.042099,0.00671,0.000355
20.354065,0.998634,-0.05157,0.00844,0.000496
20.146059,0.998302,-0.057408,0.009872,0.000633
19.993752,0.997838,-0.06464,0.01187,0.000852
20.155188,0.997528,-0.06908,0.012819,0.000966
20.259581,0.997089,-0.075024,0.013531,0.001096
20.581057,0.996782,-0.078938,0.013868,0.001172
20.792498,0.996329,-0.084368,0.014467,0.001272
20.787209,0.995809,-0.090122,0.015484,0.00145
20.761599,0.995462,-0.093739,0.016325,0.001577
20.929201,0.995021,-0.098113,0.017417,0.001768
21.017799,0.994807,-0.100249,0.017498,0.001828
21.122391,0.994661,-0.101767,0.017021,0.001809
21.197441,0.994569,-0.10271,0.01675,0.001776
21.259903,0.994433,-0.103993,0.016869,0.001812
21.291353,0.994338,-0.104883,0.016977,0.001832
21.305038,0.994282,-0.105453,0.016731,0.001828
21.40947,0.994329,-0.10511,0.016097,0.001761
21.474312,0.994554,-0.103206,0.014439,0.001557
21.600456,0.994893,-0.100245,0.011726,0.001244
21.632303,0.995161,-0.097748,0.009962,0.001025
21.827173,0.995627,-0.093167,0.006808,0.000676
21.878841,0.995935,-0.08996,0.004598,0.000451
21.97331,0.996224,-0.086817,0.000527,0.000097
22.011375,0.996279,-0.08614,-0.002837,-0.000192
22.092842,0.996122,-0.087556,-0.008656,-0.000703
22.126368,0.995935,-0.089199,-0.012507,-0.001073
22.173891,0.995567,-0.092061,-0.019184,-0.00174
22.224226,0.99526,-0.09396,-0.024977,-0.002308
22.28359,0.995034,-0.095244,-0.028776,-0.002702
22.365063,0.994583,-0.097909,-0.034738,-0.003359
22.385168,0.994218,-0.100111,-0.038661,-0.003838
22.427185,0.99369,-0.103177,-0.043752,-0.004505
22.436064,0.993321,-0.105131,-0.047291,-0.00496
22.491581,0.992783,-0.107589,-0.052673,-0.005663
22.507818,0.992382,-0.109134,-0.056825,-0.00619
22.579475,0.99217,-0.109958,-0.058873,-0.006461
22.624788,0.991822,-0.111757,-0.061268,-0.006833
23.191317,0.99157,-0.113245,-0.062564,-0.007072
23.571348,0.991304,-0.114898,-0.063732,-0.007328
23.823267,0.991266,-0.115011,-0.064109,-0.007386
23.982012,0.991452,-0.113456,-0.064019,-0.007283
23.964783,0.991764,-0.111101,-0.06334,-0.007049
23.936501,0.991988,-0.109573,-0.062496,-0.006871
24.185284,0.992313,-0.107772,-0.060468,-0.006554
24.31572,0.99257,-0.106408,-0.058667,-0.006277
24.5804,0.993026,-0.103503,-0.056152,-0.005859
24.829035,0.993448,-0.100399,-0.054327,-0.005504
24.585581,0.994058,-0.095763,-0.051508,-0.004972
24.121704,0.994411,-0.0931,-0.049573,-0.004663
23.798861,0.994966,-0.089258,-0.045381,-0.004111
24.710112,0.995343,-0.086862,-0.041637,-0.003685
25.328892,0.995919,-0.082683,-0.036064,-0.003029
25.117197,0.996615,-0.076017,-0.031199,-0.002414
25.047138,0.99706,-0.071218,-0.028217,-0.002056
25.487242,0.997592,-0.065229,-0.023508,-0.001595
25.608585,0.997889,-0.061778,-0.020003,-0.001286
25.325871,0.998265,-0.057016,-0.014686,-0.000869
25.153774,0.998518,-0.053317,-0.010939,-0.000593
25.528391,0.998862,-0.047416,-0.005194,-0.000256
25.75029,0.999081,-0.042843,-0.001264,-0.000062
25.70365,0.999349,-0.03584,0.004016,0.000145
25.438791,0.999511,-0.030054,0.00862,0.000243
25.204967,0.999571,-0.026917,0.011535,0.000291
24.898218,0.999611,-0.023203,0.015475,0.000351
24.810177,0.999614,-0.021007,0.018193,0.000374
25.541779,0.999602,-0.017649,0.021998,0.000376
25.754204,0.999592,-0.014489,0.024595,0.000347
25.166662,0.999559,-0.00936,0.028167,0.000243
24.941549,0.999487,-0.005116,0.031612,0.000144
25.960005,0.999432,-0.003523,0.033529,0.000109
26.653542,0.999365,-0.002186,0.035564,0.000049
26.558367,0.999333,-0.001346,0.036508,0.000021
26.479801,0.999276,0.000322,0.038044,-0.000038
26.494843,0.99922,0.001834,0.039452,-0.000099
26.496033,0.999127,0.003703,0.041611,-0.000182
26.420797,0.999061,0.004593,0.043091,-0.00023
26.296251,0.998977,0.004741,0.044962,-0.000251
26.567553,0.998932,0.004251,0.046012,-0.000244
27.042965,0.998898,0.003106,0.046823,-0.000201
27.111511,0.998873,0.00274,0.047385,-0.000194
27.026731,0.998841,0.002582,0.048054,-0.00019
26.964584,0.998764,0.002138,0.049662,-0.000185
26.946014,0.9987,0.001234,0.050963,-0.00014
26.928175,0.998593,-0.000259,0.053025,-0.000065
26.958464,0.99854,-0.000955,0.054011,-0.000037
26.975431,0.998503,-0.001294,0.05468,-0.000001
27.795881,0.99847,-0.001726,0.055263,0.000039
28.349213,0.998367,-0.00432,0.056958,0.000199
28.294792,0.998254,-0.006961,0.058653,0.000346
28.047199,0.998055,-0.012447,0.061079,0.000694
28.104752,0.997886,-0.017722,0.062518,0.00104
28.153545,0.99779,-0.020443,0.063216,0.001244
27.617599,0.997575,-0.023972,0.065317,0.001529
27.326677,0.997394,-0.026245,0.067183,0.001741
27.820374,0.997039,-0.029694,0.070898,0.002081
28.62945,0.996759,-0.031838,0.073846,0.002317
28.996746,0.996399,-0.032896,0.078105,0.002529
28.923134,0.996193,-0.032636,0.080793,0.002591
28.860275,0.995812,-0.031907,0.085633,0.002698
28.883106,0.995109,-0.031637,0.093536,0.002933
28.884375,0.994481,-0.031771,0.099945,0.00315
28.930384,0.993609,-0.030641,0.108585,0.003294
28.939522,0.9931,-0.028213,0.113786,0.003181
28.952915,0.992367,-0.02288,0.121145,0.002755
28.956244,0.99176,-0.019715,0.126556,0.002497
30.023449,0.990739,-0.01667,0.134731,0.002237
30.578045,0.990018,-0.014736,0.140153,0.002047
30.750233,0.989179,-0.010152,0.146355,0.001457
30.741409,0.988841,-0.006331,0.148841,0.000871
30.643866,0.988523,-0.000069,0.151068,-0.000079
30.534674,0.988405,0.003112,0.151806,-0.000556
31.043421,0.988226,0.005555,0.1529,-0.000921
31.968447,0.988101,0.007214,0.153632,-0.001195
32.223167,0.988244,0.009113,0.152604,-0.001497
32.04821,0.9888,0.013173,0.14865,-0.002093
31.982092,0.989247,0.016172,0.145333,-0.002532
31.53907,0.990014,0.019987,0.139514,-0.002975
31.401527,0.990467,0.021551,0.136016,-0.0031
31.573147,0.991186,0.022654,0.13049,-0.003155
31.682539,0.991717,0.023397,0.126255,-0.003121
31.402567,0.992865,0.024932,0.116566,-0.003109
31.235628,0.993774,0.025195,0.108494,-0.002919
31.354618,0.994994,0.023904,0.097003,-0.002528
31.693075,0.996016,0.022038,0.086387,-0.002112
31.76438,0.996595,0.020784,0.079769,-0.00185
31.784655,0.99733,0.019586,0.070339,-0.001535
31.971035,0.997827,0.019331,0.062973,-0.001369
32.267399,0.998573,0.018182,0.050212,-0.001068
32.348686,0.999026,0.016112,0.041062,-0.00081
32.481651,0.999524,0.011643,0.028573,-0.000521
32.514755,0.999746,0.008398,0.020919,-0.00035
32.776161,0.999936,0.004397,0.010436,-0.000211
32.846294,0.999987,0.002641,0.004259,-0.000142
32.967377,0.99998,-0.000245,-0.006327,-0.000131
33.015625,0.9999,-0.003034,-0.013794,-0.000171
33.066952,0.99964,-0.009095,-0.025252,-0.000346
33.085453,0.999274,-0.015558,-0.034772,-0.000687
33.155754,0.998992,-0.01957,-0.04039,-0.000925
33.263355,0.998562,-0.024152,-0.047834,-0.001295
33.316105,0.998291,-0.026407,-0.052104,-0.001483
33.370029,0.997778,-0.030506,-0.059209,-0.001917
33.448566,0.997367,-0.033974,-0.064031,-0.002282
33.559673,0.996691,-0.039979,-0.070704,-0.002955
33.637409,0.996026,-0.045932,-0.076214,-0.003632
33.697067,0.995664,-0.048996,-0.078978,-0.004004
33.79995,0.995299,-0.051572,-0.081857,-0.004333
33.89146,0.99509,-0.052701,-0.083653,-0.004532
33.946445,0.994785,-0.054195,-0.086269,-0.004801
34.069595,0.994596,-0.055099,-0.087849,-0.004961
34.146366,0.99441,-0.055963,-0.089385,-0.005165
34.315693,0.994319,-0.056784,-0.089874,-0.005268
34.423367,0.994181,-0.05904,-0.089933,-0.005482
34.579342,0.993998,-0.062575,-0.089549,-0.005748
34.647976,0.993843,-0.065411,-0.089228,-0.005979
34.755474,0.993749,-0.068007,-0.088321,-0.006149
34.796959,0.993817,-0.068347,-0.08729,-0.006146
34.897385,0.994136,-0.06729,-0.084448,-0.005875
35.027607,0.994415,-0.067297,-0.081107,-0.005646
35.110607,0.994457,-0.068748,-0.079354,-0.00561
35.207153,0.994238,-0.073729,-0.077598,-0.005869
35.266792,0.993885,-0.078581,-0.077323,-0.006229
35.334888,0.993085,-0.087401,-0.078065,-0.00702
35.349403,0.992371,-0.094438,-0.078885,-0.007667
35.54879,0.991017,-0.106507,-0.080399,-0.008798
35.601723,0.989988,-0.114854,-0.08149,-0.009588
35.840012,0.988493,-0.125646,-0.083542,-0.010715
35.903671,0.987635,-0.131019,-0.085325,-0.011417
36.049023,0.986957,-0.13437,-0.087834,-0.012064
36.110977,0.986927,-0.133937,-0.088804,-0.012217
36.27092,0.987171,-0.131869,-0.089211,-0.01209
36.359985,0.987157,-0.131784,-0.089487,-0.012105
36.497429,0.986898,-0.133255,-0.090136,-0.01228
36.69384,0.986238,-0.136705,-0.092093,-0.012866
36.875729,0.985934,-0.1379,-0.093509,-0.013178
37.113827,0.986175,-0.135469,-0.094521,-0.013141
37.174641,0.986902,-0.130582,-0.093883,-0.012611
37.315319,0.988444,-0.120759,-0.090931,-0.011315
37.348049,0.989404,-0.114546,-0.088598,-0.010412
37.515179,0.990728,-0.105424,-0.085197,-0.009204
37.649834,0.991783,-0.097212,-0.08276,-0.00824
37.76186,0.992382,-0.092164,-0.081391,-0.007723
37.828079,0.993322,-0.08431,-0.078467,-0.006837
37.915916,0.993852,-0.080258,-0.076012,-0.006313
37.966728,0.994436,-0.076732,-0.071945,-0.005716
38.082039,0.994662,-0.07595,-0.069637,-0.005444
38.152225,0.995003,-0.074581,-0.066193,-0.00508
38.224327,0.99525,-0.073099,-0.064109,-0.004828
38.320053,0.995736,-0.069513,-0.060483,-0.004398
38.364548,0.996067,-0.067317,-0.057473,-0.004053
38.408356,0.996422,-0.066364,-0.052205,-0.003653
38.484615,0.996502,-0.068785,-0.047334,-0.003399
38.56739,0.996498,-0.070908,-0.044185,-0.003274
38.641975,0.996545,-0.072719,-0.040005,-0.003054
38.682613,0.996684,-0.072334,-0.037145,-0.002896
38.70372,0.997034,-0.070228,-0.031384,-0.002424
39.406868,0.997245,-0.069115,-0.026849,-0.002068
39.878201,0.997391,-0.069341,-0.020034,-0.001605
39.464584,0.997399,-0.070225,-0.016207,-0.001283
39.168705,0.997384,-0.071547,-0.010287,-0.000887
40.1609,0.997484,-0.070796,-0.003668,-0.000423
40.442272,0.997634,-0.06875,0.000954,-0.00015
41.120754,0.997834,-0.065194,0.008801,0.000376
41.422867,0.997852,-0.064004,0.013968,0.000713
40.927422,0.997675,-0.064825,0.02099,0.001186
40.610847,0.997491,-0.066236,0.024923,0.001523
40.259476,0.997225,-0.066882,0.032623,0.002045
40.033653,0.997147,-0.064666,0.038857,0.002384
40.073605,0.997125,-0.05802,0.048664,0.002645
40.334717,0.996974,-0.049959,0.059498,0.002793
40.409081,0.996727,-0.046524,0.066055,0.002907
40.376537,0.996231,-0.045134,0.073996,0.003221
40.364666,0.995818,-0.045473,0.079157,0.003481
41.202774,0.995107,-0.045791,0.087471,0.003884
41.441471,0.994583,-0.04469,0.093758,0.004067
40.995277,0.993772,-0.041193,0.103462,0.004101
40.719032,0.993143,-0.038909,0.110166,0.004144
41.298382,0.992122,-0.038942,0.118981,0.004507
41.749428,0.991068,-0.042218,0.126391,0.005246
41.433773,0.990274,-0.044642,0.131646,0.005786
41.209793,0.989055,-0.046175,0.139992,0.006361
41.143848,0.988324,-0.046233,0.145038,0.006565
41.098293,0.987322,-0.04697,0.151464,0.006958
41.269997,0.986735,-0.047952,0.154927,0.007277
41.561153,0.985946,-0.050364,0.159097,0.007941
41.642029,0.985392,-0.052275,0.161861,0.008396
42.192844,0.984744,-0.056469,0.164335,0.009224
42.264423,0.984372,-0.058618,0.165784,0.009618
42.156143,0.984303,-0.059229,0.165969,0.009743
42.07177,0.984509,-0.059262,0.16473,0.009693
42.667557,0.984749,-0.060243,0.162927,0.009748
43.06493,0.985082,-0.062777,0.159915,0.01001
43.426723,0.985377,-0.065293,0.15705,0.010196
43.657448,0.98597,-0.067569,0.152296,0.010209
43.495388,0.986899,-0.066993,0.146455,0.009635
43.383827,0.987756,-0.065741,0.141184,0.009108
43.760189,0.989131,-0.064916,0.131664,0.008359
43.970947,0.989837,-0.065475,0.125979,0.008123
43.25008,0.990852,-0.06712,0.116825,0.007695
42.834248,0.991532,-0.067551,0.110673,0.007321
42.631241,0.992624,-0.066836,0.100941,0.006495
42.653072,0.993499,-0.065046,0.093249,0.005798
42.707531,0.994808,-0.061674,0.080813,0.004664
42.776421,0.995902,-0.058596,0.068797,0.003708
42.797577,0.996404,-0.057505,0.062132,0.003327
43.414356,0.997061,-0.056439,0.051734,0.002684
43.592255,0.997481,-0.055193,0.0445,0.002242
44.404644,0.99809,-0.051932,0.033427,0.001473
44.633392,0.998493,-0.048563,0.025554,0.000975
44.628036,0.998961,-0.0435,0.013571,0.000336
44.581997,0.999161,-0.040453,0.006468,0.000038
44.727909,0.999297,-0.037447,-0.001833,-0.000219
44.828773,0.999343,-0.034863,-0.009922,-0.000488
45.142124,0.999345,-0.032619,-0.015674,-0.000656
45.344585,0.999313,-0.028286,-0.023917,-0.000866
45.544399,0.999254,-0.02514,-0.029299,-0.000923
45.809528,0.999142,-0.020933,-0.035739,-0.000935
45.852688,0.999079,-0.018991,-0.038473,-0.000861
45.845161,0.998979,-0.016448,-0.042078,-0.000824
45.833885,0.9989,-0.014643,-0.044552,-0.000778
45.738701,0.998741,-0.011448,-0.048841,-0.000687
45.852848,0.998602,-0.007657,-0.052298,-0.00056
46.035076,0.998532,-0.00527,-0.053907,-0.000439
46.150852,0.998501,-0.002264,-0.05469,-0.000253
46.493805,0.998511,-0.001255,-0.054544,-0.000164
46.717434,0.99855,-0.000177,-0.053832,-0.000096
46.708206,0.998572,0.000458,-0.053415,-0.00006
46.689468,0.998601,0.002052,-0.052834,-0.000005
46.7598,0.998636,0.003611,-0.052095,0.000083
46.877331,0.998774,0.006296,-0.049108,0.000229
46.974377,0.998891,0.007428,-0.046498,0.000263
47.097183,0.999043,0.007519,-0.04308,0.000264
47.309544,0.99917,0.005826,-0.040317,0.000183
47.40601,0.999255,0.004769,-0.038308,0.00013
47.548325,0.999385,0.004116,-0.034828,0.000082
47.665981,0.999485,0.004378,-0.03179,0.00009
47.79137,0.999631,0.004606,-0.026759,0.000074
47.87381,0.999709,0.004296,-0.023725,0.000066
47.920055,0.999808,0.002356,-0.019445,0.000007
48.134506,0.999855,0.000522,-0.017045,-0.000029
48.271191,0.999906,-0.001977,-0.013573,-0.000077
48.376152,0.999936,-0.003184,-0.010895,-0.000076
48.437489,0.999967,-0.004346,-0.006885,-0.000072
48.533356,0.999978,-0.005591,-0.003468,-0.000071
48.574566,0.999974,-0.006908,-0.001889,-0.000048
48.990906,0.99995,-0.010035,0.000272,-0.000032
49.198185,0.999921,-0.012453,0.001618,-0.000018
49.291565,0.999872,-0.015585,0.003631,0.000015
49.275219,0.999837,-0.017332,0.005003,0.000041
49.306911,0.999791,-0.019297,0.006802,0.000077
49.375389,0.999747,-0.021054,0.007965,0.000132
49.577244,0.999709,-0.022606,0.008447,0.000154
49.883865,0.999629,-0.025772,0.008837,0.000198
49.964211,0.999568,-0.027911,0.009179,0.000212
49.879868,0.999455,-0.031437,0.010068,0.000282
49.847343,0.999375,-0.033771,0.010458,0.000323
50.171616,0.999265,-0.03697,0.010162,0.000352
50.258987,0.999204,-0.03876,0.009415,0.000346
50.119961,0.999106,-0.041454,0.008273,0.000329
49.999428,0.999004,-0.043994,0.007482,0.000301
50.058144,0.998941,-0.04547,0.007089,0.000278
50.093544,0.998823,-0.048065,0.006573,0.000257
50.012581,0.998736,-0.049872,0.006232,0.000255
49.870399,0.998617,-0.052274,0.005546,0.000232
49.963398,0.998562,-0.053385,0.004856,0.000214
50.154518,0.998482,-0.054993,0.002966,0.000118
50.174866,0.998429,-0.056014,0.001327,0.000028
50.15403,0.998352,-0.057389,-0.000524,-0.000098
50.146469,0.998297,-0.058323,-0.001014,-0.000113
50.028366,0.998224,-0.059569,-0.00105,-0.000109
49.993565,0.998181,-0.060275,-0.001294,-0.00013
49.853413,0.998131,-0.061058,-0.002359,-0.000186
49.802128,0.998109,-0.061339,-0.003958,-0.000288
50.232777,0.998113,-0.061209,-0.004922,-0.00034
50.527649,0.998116,-0.061118,-0.005344,-0.000359
50.252602,0.998103,-0.06137,-0.004869,-0.000318
50.061535,0.998043,-0.062399,-0.003988,-0.000245
49.925083,0.997993,-0.063202,-0.003978,-0.000253
49.756771,0.997956,-0.063725,-0.00484,-0.000315
49.591385,0.998022,-0.062616,-0.005618,-0.000357
49.521847,0.998108,-0.061265,-0.005119,-0.000319
49.77597,0.998228,-0.059417,-0.003173,-0.000174
50.137463,0.998267,-0.058826,-0.001671,-0.000061
50.266697,0.998257,-0.059012,0.000155,0.000046
50.188942,0.998246,-0.059197,0.000751,0.00006
50.270641,0.998255,-0.059043,0.001076,0.000077
50.425224,0.998307,-0.05814,0.001891,0.000109
50.527569,0.99841,-0.056167,0.004779,0.000289
49.891399,0.998478,-0.054657,0.007416,0.000431
49.455452,0.998531,-0.053307,0.009642,0.000525
50.212421,0.998549,-0.052863,0.010213,0.000542
50.434223,0.998563,-0.052458,0.010935,0.000564
50.542751,0.998613,-0.050825,0.013724,0.000695
50.56179,0.998658,-0.049024,0.016682,0.000815
50.319523,0.998702,-0.046572,0.020619,0.000987
50.188034,0.998711,-0.045677,0.02209,0.001038
50.207367,0.998699,-0.045829,0.022342,0.001061
50.318626,0.998673,-0.046321,0.022483,0.00107
50.188786,0.998612,-0.046477,0.024733,0.001184
49.881718,0.99856,-0.045072,0.029067,0.001351
49.793621,0.998551,-0.043815,0.031221,0.001431
49.890942,0.998592,-0.042328,0.03194,0.001424
49.921513,0.998627,-0.042106,0.031126,0.001381
50.205952,0.998629,-0.041968,0.031267,0.001377
50.288849,0.998576,-0.041953,0.03292,0.00144
50.53297,0.998444,-0.041698,0.03698,0.001592
50.621273,0.998365,-0.041402,0.039383,0.001704
50.405941,0.998385,-0.041207,0.03908,0.001686
50.255074,0.998464,-0.041444,0.036741,0.001601
50.115131,0.998489,-0.041525,0.035969,0.001578
50.020206,0.998444,-0.041379,0.037346,0.001622
49.952717,0.998378,-0.041066,0.039399,0.001698
49.870041,0.998314,-0.040886,0.041152,0.001798
49.778038,0.998332,-0.041205,0.040406,0.001787
49.652355,0.998408,-0.042204,0.037377,0.001694
49.886974,0.998445,-0.043242,0.035136,0.001631
50.22422,0.998428,-0.043458,0.035354,0.001628
50.359535,0.99836,-0.043457,0.037215,0.00172
50.305492,0.998324,-0.043642,0.037962,0.001762
50.265591,0.998334,-0.04481,0.036302,0.001754
50.609467,0.99838,-0.045863,0.033645,0.001661
50.840836,0.998432,-0.046859,0.03059,0.001549
50.511719,0.99843,-0.046671,0.03094,0.001567
50.412914,0.998427,-0.046131,0.031819,0.001563
50.297256,0.998444,-0.046087,0.031353,0.001555
50.263405,0.998462,-0.046983,0.029407,0.001495
50.353359,0.998474,-0.048865,0.025696,0.001415
50.406116,0.998476,-0.049887,0.023553,0.001324
51.12159,0.998484,-0.050154,0.022668,0.001275
51.486404,0.998484,-0.049777,0.023438,0.001299
51.063465,0.998486,-0.049289,0.024377,0.001298
50.297249,0.998503,-0.049385,0.023502,0.001256
50.054886,0.998567,-0.049829,0.019497,0.001069
50.259254,0.998601,-0.050198,0.016612,0.00096
50.403484,0.998632,-0.050232,0.014514,0.000855
50.307587,0.998631,-0.050063,0.015128,0.000891
50.24371,0.998617,-0.049797,0.016818,0.000932
50.524288,0.998611,-0.050185,0.016049,0.000898
50.606216,0.998625,-0.050633,0.013554,0.000785
51.520859,0.998653,-0.051064,0.00923,0.000592
51.782131,0.998686,-0.050671,0.007616,0.000502
51.013908,0.998732,-0.049656,0.008272,0.000525
50.565228,0.998749,-0.049028,0.009784,0.000602
50.499023,0.99873,-0.049335,0.010217,0.000603
50.5383,0.998712,-0.049989,0.008722,0.000532
51.011097,0.998704,-0.050607,0.005398,0.000373
51.745403,0.998753,-0.04977,0.003813,0.000317
51.091614,0.998815,-0.048489,0.004275,0.000336
49.820351,0.998882,-0.046852,0.006258,0.000424
49.453999,0.998899,-0.046403,0.006882,0.000457
50.375916,0.998888,-0.046799,0.005672,0.000369
50.649979,0.998877,-0.047189,0.004204,0.000294
50.294746,0.998895,-0.046926,0.002691,0.000227
50.192284,0.998941,-0.045933,0.002641,0.000264
49.885464,0.999031,-0.04388,0.003436,0.000296
49.701935,0.999084,-0.042597,0.004007,0.00032
50.575367,0.999091,-0.042496,0.003491,0.000274
51.174877,0.999083,-0.042773,0.001671,0.000196
51.935337,0.999082,-0.042834,0.000801,0.000157
52.442551,0.999113,-0.04209,0.001599,0.000202
51.941162,0.999135,-0.041487,0.002758,0.000292
50.97934,0.99916,-0.040736,0.004344,0.000357
50.3908,0.99917,-0.040441,0.004785,0.000376
49.703232,0.999186,-0.040178,0.003762,0.000291
49.510517,0.999203,-0.039838,0.002518,0.000249
49.483887,0.999231,-0.039163,0.002001,0.000245
49.48568,0.999243,-0.038803,0.002652,0.000276
50.768894,0.999247,-0.038541,0.004415,0.000401
51.257298,0.999224,-0.039031,0.005371,0.000436
50.583775,0.99921,-0.039401,0.005248,0.000417
50.118176,0.999211,-0.039529,0.0039,0.000318
50.865875,0.999232,-0.039057,0.003159,0.000282
51.377209,0.999259,-0.038322,0.003509,0.00029
51.353054,0.999267,-0.038006,0.004592,0.000388
51.168571,0.999233,-0.038709,0.005896,0.000425
50.178669,0.999185,-0.039842,0.006517,0.000444
49.676758,0.999161,-0.040508,0.006079,0.000376
50.526543,0.999165,-0.040576,0.004804,0.000331
51.056377,0.999174,-0.040416,0.004307,0.000303
50.798569,0.999189,-0.039935,0.005179,0.000372
50.126884,0.999166,-0.040348,0.006331,0.00041
50.00309,0.999067,-0.042489,0.007716,0.000458
50.289356,0.998973,-0.044888,0.006203,0.000348
50.478683,0.999076,-0.042964,-0.001383,-0.000056
50.205879,0.998989,-0.044855,-0.002969,-0.000026
50.009232,0.99878,-0.048751,-0.007889,-0.000294
49.952072,0.998579,-0.052148,-0.010994,-0.000429
49.932884,0.998429,-0.054498,-0.013016,-0.000567
50.614052,0.998185,-0.057938,-0.016439,-0.000825
50.971867,0.998022,-0.06,-0.018731,-0.001004
50.539616,0.997806,-0.062436,-0.021993,-0.001289
50.250912,0.997661,-0.063809,-0.024488,-0.001482
49.706913,0.997454,-0.065282,-0.02863,-0.001803
49.468975,0.997359,-0.065495,-0.031315,-0.001943
49.272324,0.99719,-0.06548,-0.036328,-0.002273
49.18211,0.99707,-0.065117,-0.040068,-0.002496
49.043533,0.996879,-0.064101,-0.046001,-0.002858
48.927284,0.996495,-0.06855,-0.047847,-0.003152
48.856564,0.995976,-0.072917,-0.051968,-0.003675
48.663479,0.995476,-0.076326,-0.056437,-0.004202
48.613491,0.995193,-0.077713,-0.059431,-0.004471
48.434528,0.994788,-0.078456,-0.064931,-0.004959
48.388916,0.994557,-0.077929,-0.068967,-0.005262
47.845112,0.99432,-0.075485,-0.074823,-0.005589
47.492668,0.994111,-0.071616,-0.08112,-0.005763
47.185715,0.993941,-0.068709,-0.085589,-0.005845
47.038738,0.994248,-0.055256,-0.091651,-0.00428
46.659664,0.993876,-0.053783,-0.096439,-0.00429
46.492496,0.993645,-0.052325,-0.099555,-0.004547
46.273281,0.993369,-0.048301,-0.104238,-0.004404
46.055092,0.993196,-0.043641,-0.107898,-0.003861
45.506035,0.993062,-0.04043,-0.110365,-0.003637
44.679173,0.993026,-0.036342,-0.11211,-0.003295
44.456703,0.993241,-0.034403,-0.110814,-0.003029
43.875538,0.993789,-0.03286,-0.106277,-0.002922
43.728149,0.994503,-0.032714,-0.099426,-0.0027
42.591156,0.996331,-0.035838,-0.07769,-0.002113
42.289883,0.997582,-0.041906,-0.055412,-0.001694
40.676235,0.998114,-0.059044,-0.016794,-0.000453
39.695007,0.99662,-0.079082,0.022122,0.002075
37.134209,0.994368,-0.094811,0.0471,0.004873
35.483685,0.992572,-0.109848,0.052039,0.005216
33.537457,0.991714,-0.122177,0.039703,0.00084
32.304226,0.989521,-0.143687,0.014116,-0.001689
31.375,0.98751,-0.157512,0.002538,-0.002726
30.229816,0.984309,-0.176428,-0.001903,-0.002326
29.412577,0.98111,-0.19326,0.008564,0.001079
28.4251,0.972963,-0.224214,0.054146,0.011775
27.884552,0.959714,-0.257215,0.109564,0.028029
27.525904,0.94791,-0.280377,0.145301,0.041745
26.863144,0.931917,-0.30657,0.184185,0.060184
26.244421,0.926193,-0.313866,0.19782,0.067248
25.886499,0.926279,-0.308614,0.204834,0.069337
25.533024,0.932931,-0.292969,0.199256,0.064071
25.346817,0.948484,-0.256812,0.178501,0.050622
25.098867,0.960944,-0.224252,0.157427,0.038911
24.975525,0.977801,-0.168754,0.122098,0.022777
24.67271,0.988999,-0.114116,0.093389,0.011703
24.540718,0.993854,-0.076366,0.079851,0.006874
23.991344,0.997032,-0.024816,0.072844,0.002446
23.741623,0.997178,0.002667,0.075022,0.00065
23.199219,0.995705,0.0391,0.083881,-0.002398
22.67308,0.994226,0.058976,0.089538,-0.004405
22.100132,0.992184,0.08439,0.091655,-0.006985
21.718023,0.991257,0.09781,0.088182,-0.00815
21.197046,0.990017,0.117509,0.077343,-0.008672
20.669312,0.988549,0.133796,0.069162,-0.009271
20.545149,0.987448,0.141154,0.070194,-0.009763
19.589682,0.985626,0.147661,0.081252,-0.01165
19.339487,0.984591,0.147547,0.092912,-0.013351
18.87277,0.983673,0.141807,0.109729,-0.015448
18.76321,0.983734,0.133817,0.118773,-0.015898
18.299419,0.985278,0.117817,0.123012,-0.014636
18.08774,0.987239,0.105961,0.11819,-0.012717
17.525175,0.990763,0.089631,0.101335,-0.009282
17.210203,0.994322,0.075166,0.075099,-0.005774
16.95162,0.996177,0.06735,0.055498,-0.003808
16.626566,0.997847,0.058669,0.029264,-0.001696
16.32159,0.998475,0.053467,0.013715,-0.000663
15.924132,0.99899,0.044865,-0.002341,0.000241
15.830245,0.999246,0.038051,-0.007723,0.00051
15.299294,0.999659,0.023747,-0.010887,0.000506
15.165561,0.999869,0.012022,-0.010869,0.000377
14.530504,0.999914,-0.008048,-0.010349,0.000178
14.366304,0.999723,-0.020833,-0.010993,-0.000025
13.925982,0.999034,-0.041367,-0.014796,-0.000392
13.818291,0.998368,-0.053817,-0.019091,-0.000788
13.332367,0.997191,-0.070165,-0.026176,-0.001587
13.045692,0.996047,-0.083314,-0.03071,-0.002247
12.542656,0.995337,-0.091149,-0.031461,-0.002592
12.227712,0.994484,-0.100929,-0.028432,-0.00264
12.058359,0.994086,-0.105777,-0.024476,-0.002385
11.876979,0.993777,-0.109835,-0.018442,-0.001853
11.605163,0.993729,-0.110797,-0.015012,-0.001465
11.218962,0.993928,-0.109306,-0.012546,-0.001116
11.123524,0.994191,-0.106847,-0.012944,-0.001009
10.735188,0.994776,-0.100819,-0.015931,-0.001195
10.638521,0.995215,-0.095932,-0.018518,-0.001364
10.341743,0.995882,-0.088067,-0.021477,-0.00151
9.982332,0.996603,-0.079436,-0.021691,-0.001457
9.631182,0.99717,-0.072498,-0.019886,-0.001187
9.415329,0.997971,-0.061926,-0.014792,-0.000578
8.986791,0.998482,-0.054098,-0.010321,-0.000207
8.718562,0.999135,-0.041418,-0.003802,0.000228
8.22313,0.99949,-0.031945,0.000064,0.000404
7.911365,0.999838,-0.017259,0.005133,0.000398
7.538113,0.999928,-0.001282,0.011965,0.000338
7.381496,0.999811,0.007963,0.017715,0.000308
6.859485,0.999345,0.021246,0.029305,-0.000148
6.622788,0.99886,0.029025,0.037883,-0.000601
6.219295,0.998001,0.03925,0.049509,-0.001565
5.86162,0.997319,0.046421,0.056523,-0.002248
5.511524,0.996269,0.057879,0.063923,-0.00334
5.243208,0.995276,0.06979,0.067353,-0.004239
5.183968,0.99458,0.078374,0.068149,-0.004898
4.681037,0.993513,0.091035,0.067915,-0.005756
4.552181,0.99285,0.098274,0.067463,-0.006324
4.11841,0.99174,0.109216,0.066899,-0.007009
4.009595,0.991048,0.115395,0.066734,-0.007403
3.459115,0.990224,0.122425,0.066392,-0.007723
3.31631,0.989796,0.126239,0.065619,-0.007915
2.925378,0.989421,0.13067,0.062529,-0.007855
2.708183,0.989367,0.133921,0.056256,-0.007275
2.249708,0.989423,0.135628,0.050995,-0.006764
1.96168,0.98947,0.138688,0.041037,-0.005534
1.775879,0.989404,0.141016,0.03425,-0.004664
1.560336,0.989217,0.144234,0.025202,-0.00336
1.432264,0.989082,0.146039,0.019549,-0.002565
1.289672,0.988958,0.14775,0.011446,-0.001395
1.016137,0.989025,0.147699,0.003762,-0.000333
0.716176,0.989187,0.146639,-0.002197,0.000529
0.295072,0.989508,0.143846,-0.013324,0.002087
-0.040235,0.989685,0.141529,-0.021971,0.003307
-0.245597,0.989819,0.137013,-0.038159,0.00542
-0.320039,0.989771,0.133487,-0.049872,0.006862
-0.348477,0.989545,0.127555,-0.066734,0.008724
-0.789177,0.989322,0.122547,-0.078272,0.009846
-1.069868,0.98905,0.113558,-0.093622,0.01095
-1.599845,0.98899,0.107033,-0.101562,0.011301
-1.938244,0.989195,0.094759,-0.11132,0.011055
-2.549016,0.989938,0.079704,-0.1165,0.009863
-2.827943,0.990672,0.069209,-0.117071,0.008572
-3.125859,0.992242,0.050127,-0.113603,0.006162
-3.224373,0.993407,0.036858,-0.108467,0.004462
-3.565586,0.995092,0.017807,-0.097316,0.002186
-3.936495,0.996108,0.006697,-0.087885,0.00103
-4.337307,0.997402,-0.005737,-0.071807,0.000161
-4.602522,0.998183,-0.011936,-0.059067,-0.000133
-4.755757,0.999058,-0.018745,-0.039142,-0.000158
-5.000753,0.999409,-0.022646,-0.025854,0.000003
-5.142594,0.999573,-0.028216,-0.007639,0.000232
-5.717093,0.999304,-0.035438,0.011635,0.000874
-5.866479,0.998858,-0.041335,0.023889,0.001614
-6.337677,0.997579,-0.052998,0.044931,0.002994
-6.549435,0.996336,-0.061122,0.059674,0.00428
-6.875459,0.994261,-0.071168,0.079636,0.006175
-7.001161,0.992745,-0.076797,0.092202,0.007638
-7.491761,0.990817,-0.082043,0.107063,0.009421
-7.718116,0.990021,-0.08309,0.113353,0.010307
-8.060088,0.989507,-0.08177,0.118642,0.010685
-8.427804,0.989774,-0.078645,0.118553,0.010376
-8.696919,0.990226,-0.076607,0.116143,0.009732
-9.025817,0.991247,-0.074087,0.108905,0.008913
-9.103662,0.991954,-0.073495,0.10274,0.008404
-9.362222,0.992877,-0.074104,0.092945,0.008016
-9.421208,0.993464,-0.074924,0.085784,0.007563
-9.773323,0.994239,-0.075904,0.075374,0.006856
-9.860855,0.99465,-0.076065,0.069624,0.006158
-10.184212,0.995241,-0.075659,0.061172,0.005477
-10.370795,0.995762,-0.074242,0.054061,0.004862
-10.556544,0.996066,-0.07287,0.050217,0.004502
-10.664785,0.996395,-0.07084,0.046461,0.004406
-10.875127,0.996539,-0.069635,0.045204,0.004269
-11.183047,0.996624,-0.067915,0.045949,0.004219
-11.45304,0.996595,-0.066879,0.048064,0.004043
-11.801763,0.996439,-0.064954,0.053583,0.004314
-11.90273,0.996288,-0.063305,0.058155,0.004524
-11.964808,0.995986,-0.060871,0.065433,0.005107
-11.970521,0.995738,-0.059236,0.070495,0.005323
-12.333409,0.995429,-0.057031,0.076403,0.005548
-12.616219,0.995278,-0.055586,0.079389,0.005339
-12.843916,0.995239,-0.055443,0.079973,0.00538
-12.982196,0.995328,-0.056849,0.077856,0.005397
-13.363282,0.995492,-0.058609,0.074374,0.00536
-13.606079,0.995812,-0.062103,0.066868,0.005538
-13.848449,0.996017,-0.065317,0.06045,0.005367
-13.994982,0.996205,-0.070747,0.050452,0.005053
-14.219016,0.996234,-0.074385,0.044293,0.00483
-14.53819,0.996151,-0.079369,0.036958,0.004147
-15.024344,0.99596,-0.084061,0.031349,0.00392
-15.242601,0.995833,-0.086362,0.029036,0.003846
-15.477558,0.995683,-0.088565,0.027453,0.004324
-15.634396,0.995616,-0.089282,0.02752,0.004444
-15.922332,0.995602,-0.088934,0.029056,0.004734
-16.185608,0.995654,-0.087794,0.030682,0.004976
-16.524733,0.995788,-0.085299,0.033294,0.004719
-16.854647,0.995962,-0.082057,0.036079,0.005031
-16.935703,0.996035,-0.080178,0.038084,0.005969
-17.15209,0.996103,-0.07709,0.042359,0.006459
-17.201424,0.996137,-0.074641,0.045753,0.006806
-17.40966,0.996215,-0.069906,0.051259,0.006374
-17.458151,0.996287,-0.065256,0.055779,0.006605
-17.685263,0.996423,-0.055193,0.063508,0.007849
-17.817633,0.99659,-0.044096,0.069436,0.006595
-18.260639,0.996732,-0.035639,0.072222,0.00629
-18.546642,0.99699,-0.023265,0.073743,0.0057
-18.750183,0.997177,-0.016826,0.072871,0.006732
-18.996124,0.99753,-0.009835,0.069248,0.006487
-19.319019,0.997757,-0.008156,0.066122,0.006492
-19.770416,0.997997,-0.009442,0.062341,0.005164
-20.12829,0.998068,-0.012311,0.060661,0.005363
-20.578384,0.998015,-0.017282,0.060287,0.005654
-20.866129,0.997855,-0.019585,0.06203,0.007297
-21.072981,0.997772,-0.018128,0.063816,0.007143
-21.492357,0.997793,-0.010514,0.065241,0.006465
-21.888548,0.997937,-0.002531,0.063895,0.005775
-22.13265,0.998271,0.009871,0.05785,0.003413
-22.449394,0.998545,0.017314,0.05099,0.002906
-22.638803,0.998991,0.022604,0.03873,0.002612
-22.828869,0.999259,0.021207,0.031891,0.003729
-22.932657,0.999592,0.013727,0.0248,0.003607
-23.09606,0.999289,-0.034626,-0.01493,0.000392
-23.301477,0.997585,-0.057664,-0.03863,-0.002437
-23.793446,0.997316,-0.055417,-0.047786,-0.002638
-24.03676,0.996853,-0.0544,-0.057575,-0.003149
-24.139519,0.996298,-0.059694,-0.061738,-0.003789
-24.143789,0.996498,-0.058797,-0.059347,-0.003484
-24.116314,0.997516,-0.049428,-0.050114,-0.002568
-24.084545,0.998026,-0.043449,-0.045296,-0.001983
-24.04565,0.998327,-0.039589,-0.0421,-0.00168
-24.021528,0.998285,-0.039887,-0.042814,-0.001706
-23.999153,0.998112,-0.041148,-0.04555,-0.001871
-23.988575,0.998162,-0.040007,-0.045481,-0.001833
-23.982521,0.998296,-0.038212,-0.044059,-0.001695
-23.967478,0.998438,-0.036006,-0.042693,-0.001537
-23.961159,0.998458,-0.035422,-0.042721,-0.001517
-23.968721,0.998464,-0.034837,-0.043061,-0.001504
-23.972778,0.998512,-0.033896,-0.042701,-0.001453
-23.973619,0.998605,-0.032243,-0.041797,-0.001352
-23.972712,0.998636,-0.031518,-0.041598,-0.001316
-23.975609,0.998672,-0.030548,-0.041474,-0.00127
-23.98031,0.998709,-0.029745,-0.041158,-0.001228
-23.974108,0.998769,-0.028435,-0.040625,-0.001162
-23.96031,0.998805,-0.02751,-0.040387,-0.001113
-23.952492,0.99883,-0.026837,-0.040207,-0.001081
-23.943493,0.998878,-0.025703,-0.039774,-0.001024
-23.940624,0.998902,-0.025083,-0.03955,-0.000991
-23.942135,0.998936,-0.024142,-0.039288,-0.000948
-23.942429,0.998959,-0.023506,-0.039088,-0.000922
-23.935013,0.998993,-0.022578,-0.038766,-0.000879
-23.93277,0.999013,-0.021968,-0.0386,-0.000849
-23.934027,0.999042,-0.021064,-0.038351,-0.00081
-23.935314,0.999071,-0.020233,-0.038051,-0.000768
-23.927114,0.999089,-0.019661,-0.037856,-0.000742
-23.921499,0.999115,-0.018829,-0.037599,-0.000708
-23.921562,0.999132,-0.018308,-0.037408,-0.000682
-23.92326,0.999154,-0.017555,-0.037187,-0.000659
-23.927099,0.99917,-0.017035,-0.036999,-0.000632
-23.932878,0.999191,-0.01628,-0.036759,-0.000596
